"id","especie","grupo","fecha","x","y"
1,"Crotalus simus","Reptiles","2024-01-01",-85.494405,10.687364
2,"Nasua narica","Mamíferos","2024-01-01",-85.496362,10.694449
3,"Calocitta formosa","Aves","2024-01-01",-85.50305,10.709682
4,"Ctenosaura similis","Reptiles","2024-01-01",-85.534695,10.78672
5,"Iguana iguana","Reptiles","2024-01-03",-85.526167,10.769806
6,"Crotophaga sulcirostris","Aves","2024-01-03",-85.571842,10.854037
7,"Nyctidromus albicollis","Aves","2024-01-03",-85.610991,10.938059
8,"Columbina inca","Aves","2024-01-04",-85.507303,10.714132
9,"Boa imperator","Reptiles","2024-01-04",-85.607255,10.924996
10,"Calocitta formosa","Aves","2024-01-05",-85.492543,10.683643
11,"Dasypus novemcinctus","Mamíferos","2024-01-05",-85.612695,10.949972
12,"Dasypus novemcinctus","Mamíferos","2024-01-06",-85.543952,10.815959
13,"Procyon lotor","Mamíferos","2024-01-07",-85.547465,10.821962
14,"Tamandua mexicana","Mamíferos","2024-01-07",-85.573095,10.850909
15,"Crotophaga sulcirostris","Aves","2024-01-07",-85.582182,10.876383
16,"Columbina inca","Aves","2024-01-08",-85.606524,10.923117
17,"Crotalus simus","Reptiles","2024-01-09",-85.530847,10.779966
18,"Calocitta formosa","Aves","2024-01-09",-85.540177,10.797915
19,"Columbina inca","Aves","2024-01-09",-85.576195,10.874825
20,"Procyon lotor","Mamíferos","2024-01-09",-85.626703,10.988613
21,"Columbina inca","Aves","2024-01-10",-85.539065,10.795346
22,"Ctenosaura similis","Reptiles","2024-01-10",-85.544579,10.809856
23,"Canis latrans","Mamíferos","2024-01-11",-85.624432,10.986437
24,"Procyon lotor","Mamíferos","2024-01-12",-85.612059,10.94388
25,"Canis latrans","Mamíferos","2024-01-12",-85.621584,10.973264
26,"Columbina inca","Aves","2024-01-12",-85.626159,11.05242
27,"Crotophaga sulcirostris","Aves","2024-01-14",-85.498296,10.699926
28,"Nyctidromus albicollis","Aves","2024-01-14",-85.512767,10.74799
29,"Nasua narica","Mamíferos","2024-01-14",-85.628372,11.036934
30,"Odocoileus virginianus","Mamíferos","2024-01-15",-85.620375,10.968036
31,"Nasua narica","Mamíferos","2024-01-17",-85.588694,10.878691
32,"Procyon lotor","Mamíferos","2024-01-18",-85.543792,10.81585
33,"Iguana iguana","Reptiles","2024-01-18",-85.629364,10.994386
34,"Crotalus simus","Reptiles","2024-01-20",-85.573001,10.85069
35,"Crotophaga sulcirostris","Aves","2024-01-20",-85.578694,10.875711
36,"Boa imperator","Reptiles","2024-01-20",-85.629876,11.034774
37,"Nyctidromus albicollis","Aves","2024-01-21",-85.627719,11.038489
38,"Columbina inca","Aves","2024-01-22",-85.511451,10.731491
39,"Procyon lotor","Mamíferos","2024-01-22",-85.619225,10.962918
40,"Boa imperator","Reptiles","2024-01-22",-85.630129,11.075215
41,"Nasua narica","Mamíferos","2024-01-23",-85.588212,10.878108
42,"Ctenosaura similis","Reptiles","2024-01-23",-85.58839,10.878485
43,"Columbina inca","Aves","2024-01-23",-85.627824,10.989185
44,"Drymarchon melanurus","Reptiles","2024-01-23",-85.628559,11.036613
45,"Tamandua mexicana","Mamíferos","2024-01-25",-85.605058,10.920282
46,"Drymarchon melanurus","Reptiles","2024-01-25",-85.628667,11.035852
47,"Tamandua mexicana","Mamíferos","2024-01-26",-85.51254,10.744765
48,"Calocitta formosa","Aves","2024-01-28",-85.602655,10.887278
49,"Iguana iguana","Reptiles","2024-01-29",-85.627902,10.989828
50,"Dasypus novemcinctus","Mamíferos","2024-01-30",-85.500029,10.705539
51,"Drymarchon melanurus","Reptiles","2024-01-30",-85.571727,10.865082
52,"Calocitta formosa","Aves","2024-01-30",-85.626711,11.046083
53,"Columbina inca","Aves","2024-01-31",-85.581976,10.876628
54,"Dasypus novemcinctus","Mamíferos","2024-02-01",-85.512896,10.749179
55,"Canis latrans","Mamíferos","2024-02-02",-85.543616,10.816313
56,"Procyon lotor","Mamíferos","2024-02-02",-85.555039,10.829499
57,"Tamandua mexicana","Mamíferos","2024-02-03",-85.587687,10.878276
58,"Boa imperator","Reptiles","2024-02-03",-85.623923,10.981324
59,"Odocoileus virginianus","Mamíferos","2024-02-04",-85.510786,10.72885
60,"Calocitta formosa","Aves","2024-02-06",-85.50329,10.710207
61,"Canis latrans","Mamíferos","2024-02-09",-85.619708,10.964825
62,"Tamandua mexicana","Mamíferos","2024-02-10",-85.546433,10.821258
63,"Procyon lotor","Mamíferos","2024-02-10",-85.602842,10.896085
64,"Didelphis marsupialis","Mamíferos","2024-02-11",-85.498934,10.702642
65,"Drymarchon melanurus","Reptiles","2024-02-12",-85.510053,10.720892
66,"Nasua narica","Mamíferos","2024-02-12",-85.602739,10.908315
67,"Crotophaga sulcirostris","Aves","2024-02-13",-85.629105,11.035519
68,"Calocitta formosa","Aves","2024-02-14",-85.552573,10.827008
69,"Nasua narica","Mamíferos","2024-02-16",-85.547257,10.822252
70,"Boa imperator","Reptiles","2024-02-17",-85.627835,11.038149
71,"Procyon lotor","Mamíferos","2024-02-18",-85.589328,10.878454
72,"Ctenosaura similis","Reptiles","2024-02-20",-85.601647,10.88389
73,"Dasypus novemcinctus","Mamíferos","2024-02-21",-85.538706,10.794697
74,"Dasypus novemcinctus","Mamíferos","2024-02-21",-85.588526,10.878538
75,"Tamandua mexicana","Mamíferos","2024-02-21",-85.619609,10.962791
76,"Didelphis marsupialis","Mamíferos","2024-02-22",-85.544276,10.814655
77,"Ctenosaura similis","Reptiles","2024-02-22",-85.610603,10.936045
78,"Tamandua mexicana","Mamíferos","2024-02-22",-85.628954,11.035473
79,"Drymarchon melanurus","Reptiles","2024-02-24",-85.4967,10.694411
80,"Odocoileus virginianus","Mamíferos","2024-02-24",-85.54186,10.801906
81,"Procyon lotor","Mamíferos","2024-02-24",-85.626258,10.988158
82,"Nyctidromus albicollis","Aves","2024-02-25",-85.622153,10.975007
83,"Drymarchon melanurus","Reptiles","2024-02-26",-85.494756,10.689375
84,"Didelphis marsupialis","Mamíferos","2024-02-26",-85.572926,10.850585
85,"Nyctidromus albicollis","Aves","2024-02-26",-85.628342,10.990341
86,"Didelphis marsupialis","Mamíferos","2024-02-27",-85.511166,10.731395
87,"Dasypus novemcinctus","Mamíferos","2024-02-27",-85.571924,10.854733
88,"Iguana iguana","Reptiles","2024-02-28",-85.628429,10.992532
89,"Nyctidromus albicollis","Aves","2024-03-01",-85.511217,10.734374
90,"Procyon lotor","Mamíferos","2024-03-01",-85.544153,10.818211
91,"Tamandua mexicana","Mamíferos","2024-03-02",-85.510981,10.731544
92,"Iguana iguana","Reptiles","2024-03-02",-85.620756,10.960709
93,"Boa imperator","Reptiles","2024-03-02",-85.62152,10.972852
94,"Drymarchon melanurus","Reptiles","2024-03-04",-85.602863,10.899979
95,"Nyctidromus albicollis","Aves","2024-03-05",-85.544506,10.807809
96,"Canis latrans","Mamíferos","2024-03-06",-85.540591,10.799118
97,"Crotalus simus","Reptiles","2024-03-06",-85.572499,10.852894
98,"Drymarchon melanurus","Reptiles","2024-03-06",-85.57148,10.855498
99,"Nasua narica","Mamíferos","2024-03-08",-85.512427,10.747753
100,"Drymarchon melanurus","Reptiles","2024-03-09",-85.544806,10.811257
101,"Drymarchon melanurus","Reptiles","2024-03-09",-85.616844,10.957208
102,"Tamandua mexicana","Mamíferos","2024-03-09",-85.630651,11.077863
103,"Crotalus simus","Reptiles","2024-03-10",-85.627847,11.0371
104,"Crotalus simus","Reptiles","2024-03-12",-85.511042,10.728277
105,"Crotophaga sulcirostris","Aves","2024-03-12",-85.625864,10.987785
106,"Columbina inca","Aves","2024-03-13",-85.506569,10.713265
107,"Iguana iguana","Reptiles","2024-03-13",-85.612254,10.948259
108,"Tamandua mexicana","Mamíferos","2024-03-14",-85.628119,11.03714
109,"Dasypus novemcinctus","Mamíferos","2024-03-14",-85.626208,11.04769
110,"Didelphis marsupialis","Mamíferos","2024-03-15",-85.636154,11.026397
111,"Nasua narica","Mamíferos","2024-03-20",-85.508288,10.715933
112,"Nyctidromus albicollis","Aves","2024-03-20",-85.627146,10.989025
113,"Iguana iguana","Reptiles","2024-03-22",-85.627379,11.039278
114,"Ctenosaura similis","Reptiles","2024-03-23",-85.63328,10.99994
115,"Columbina inca","Aves","2024-03-24",-85.603071,10.915168
116,"Tamandua mexicana","Mamíferos","2024-03-25",-85.573807,10.872774
117,"Boa imperator","Reptiles","2024-03-26",-85.511425,10.731313
118,"Procyon lotor","Mamíferos","2024-03-26",-85.543609,10.816034
119,"Nyctidromus albicollis","Aves","2024-03-26",-85.555278,10.829292
120,"Ctenosaura similis","Reptiles","2024-03-27",-85.495111,10.690691
121,"Ctenosaura similis","Reptiles","2024-03-27",-85.512587,10.745981
122,"Nyctidromus albicollis","Aves","2024-03-27",-85.552812,10.826716
123,"Boa imperator","Reptiles","2024-03-27",-85.637963,11.018271
124,"Tamandua mexicana","Mamíferos","2024-03-27",-85.626984,11.057677
125,"Nyctidromus albicollis","Aves","2024-03-28",-85.611406,10.939193
126,"Didelphis marsupialis","Mamíferos","2024-03-29",-85.543718,10.816341
127,"Dasypus novemcinctus","Mamíferos","2024-03-29",-85.620087,10.966667
128,"Boa imperator","Reptiles","2024-03-29",-85.629356,11.034827
129,"Nyctidromus albicollis","Aves","2024-03-29",-85.626937,11.040266
130,"Dasypus novemcinctus","Mamíferos","2024-03-30",-85.511791,10.739554
131,"Odocoileus virginianus","Mamíferos","2024-03-30",-85.627783,10.989548
132,"Tamandua mexicana","Mamíferos","2024-03-30",-85.627814,10.989602
133,"Crotophaga sulcirostris","Aves","2024-03-31",-85.544218,10.814669
134,"Nyctidromus albicollis","Aves","2024-03-31",-85.628846,10.990836
135,"Ctenosaura similis","Reptiles","2024-03-31",-85.627459,11.039335
136,"Odocoileus virginianus","Mamíferos","2024-03-31",-85.627183,11.041558
137,"Nasua narica","Mamíferos","2024-04-01",-85.595014,10.880244
138,"Ctenosaura similis","Reptiles","2024-04-02",-85.568762,10.847767
139,"Ctenosaura similis","Reptiles","2024-04-02",-85.571602,10.86539
140,"Boa imperator","Reptiles","2024-04-03",-85.520885,10.759627
141,"Didelphis marsupialis","Mamíferos","2024-04-03",-85.544013,10.816121
142,"Dasypus novemcinctus","Mamíferos","2024-04-07",-85.509306,10.717624
143,"Boa imperator","Reptiles","2024-04-07",-85.54391,10.813856
144,"Iguana iguana","Reptiles","2024-04-09",-85.626899,10.988738
145,"Tamandua mexicana","Mamíferos","2024-04-09",-85.633792,11.012178
146,"Nyctidromus albicollis","Aves","2024-04-10",-85.598914,10.883916
147,"Dasypus novemcinctus","Mamíferos","2024-04-11",-85.544029,10.815348
148,"Crotophaga sulcirostris","Aves","2024-04-11",-85.611151,10.93744
149,"Procyon lotor","Mamíferos","2024-04-11",-85.637931,11.014949
150,"Tamandua mexicana","Mamíferos","2024-04-12",-85.494754,10.689173
151,"Didelphis marsupialis","Mamíferos","2024-04-12",-85.605197,10.896356
152,"Crotophaga sulcirostris","Aves","2024-04-13",-85.570894,10.8619
153,"Iguana iguana","Reptiles","2024-04-14",-85.528394,10.774596
154,"Crotalus simus","Reptiles","2024-04-14",-85.602576,10.89121
155,"Procyon lotor","Mamíferos","2024-04-14",-85.628041,10.989807
156,"Procyon lotor","Mamíferos","2024-04-14",-85.628363,10.989628
157,"Dasypus novemcinctus","Mamíferos","2024-04-14",-85.627524,11.059619
158,"Canis latrans","Mamíferos","2024-04-14",-85.62992,11.07268
159,"Columbina inca","Aves","2024-04-15",-85.512617,10.747205
160,"Iguana iguana","Reptiles","2024-04-15",-85.627611,11.037429
161,"Crotophaga sulcirostris","Aves","2024-04-18",-85.544153,10.81553
162,"Nyctidromus albicollis","Aves","2024-04-18",-85.627694,11.038239
163,"Nyctidromus albicollis","Aves","2024-04-19",-85.608124,10.926076
164,"Canis latrans","Mamíferos","2024-04-20",-85.633794,11.029751
165,"Drymarchon melanurus","Reptiles","2024-04-21",-85.607979,10.926319
166,"Drymarchon melanurus","Reptiles","2024-04-23",-85.571375,10.855284
167,"Crotophaga sulcirostris","Aves","2024-04-23",-85.603014,10.902396
168,"Nasua narica","Mamíferos","2024-04-24",-85.629398,11.064678
169,"Procyon lotor","Mamíferos","2024-04-25",-85.54423,10.815323
170,"Iguana iguana","Reptiles","2024-04-25",-85.554093,10.827887
171,"Drymarchon melanurus","Reptiles","2024-04-26",-85.511832,10.740663
172,"Drymarchon melanurus","Reptiles","2024-04-26",-85.537559,10.792358
173,"Columbina inca","Aves","2024-04-26",-85.572596,10.868432
174,"Odocoileus virginianus","Mamíferos","2024-04-27",-85.631911,11.032006
175,"Calocitta formosa","Aves","2024-04-29",-85.602582,10.905407
176,"Iguana iguana","Reptiles","2024-04-30",-85.634837,11.014795
177,"Incilius luetkenii","Anfibios","2024-05-01",-85.511099,10.732022
178,"Smilisca baudinii","Anfibios","2024-05-01",-85.602758,10.914073
179,"Rhinella horribilis","Anfibios","2024-05-02",-85.544242,10.814593
180,"Rhinella horribilis","Anfibios","2024-05-02",-85.560508,10.837641
181,"Smilisca baudinii","Anfibios","2024-05-02",-85.628966,11.035956
182,"Calocitta formosa","Aves","2024-05-04",-85.512401,10.748484
183,"Rhinella horribilis","Anfibios","2024-05-04",-85.542245,10.801916
184,"Nasua narica","Mamíferos","2024-05-04",-85.5911,10.878918
185,"Smilisca baudinii","Anfibios","2024-05-04",-85.602911,10.913455
186,"Incilius luetkenii","Anfibios","2024-05-05",-85.603105,10.91607
187,"Didelphis marsupialis","Mamíferos","2024-05-05",-85.608546,10.927159
188,"Calocitta formosa","Aves","2024-05-05",-85.628194,10.990338
189,"Leptodactylus fragilis","Anfibios","2024-05-06",-85.511325,10.730444
190,"Incilius luetkenii","Anfibios","2024-05-06",-85.511802,10.740019
191,"Smilisca baudinii","Anfibios","2024-05-07",-85.602876,10.915062
192,"Rhinella horribilis","Anfibios","2024-05-07",-85.628652,10.992459
193,"Incilius luetkenii","Anfibios","2024-05-08",-85.511336,10.730429
194,"Smilisca baudinii","Anfibios","2024-05-08",-85.512282,10.731687
195,"Leptodactylus fragilis","Anfibios","2024-05-08",-85.511041,10.732502
196,"Procyon lotor","Mamíferos","2024-05-08",-85.515915,10.754243
197,"Tamandua mexicana","Mamíferos","2024-05-08",-85.552291,10.826677
198,"Leptodactylus fragilis","Anfibios","2024-05-08",-85.594459,10.879796
199,"Nasua narica","Mamíferos","2024-05-08",-85.602594,10.892445
200,"Leptodactylus fragilis","Anfibios","2024-05-08",-85.60275,10.909488
201,"Incilius luetkenii","Anfibios","2024-05-08",-85.628214,10.98937
202,"Boa imperator","Reptiles","2024-05-08",-85.628748,10.99097
203,"Rhinella horribilis","Anfibios","2024-05-09",-85.544034,10.816564
204,"Tamandua mexicana","Mamíferos","2024-05-09",-85.547032,10.822254
205,"Drymarchon melanurus","Reptiles","2024-05-09",-85.630361,11.075862
206,"Canis latrans","Mamíferos","2024-05-10",-85.568918,10.847698
207,"Leptodactylus fragilis","Anfibios","2024-05-11",-85.627565,10.989008
208,"Iguana iguana","Reptiles","2024-05-11",-85.626084,11.051914
209,"Drymarchon melanurus","Reptiles","2024-05-12",-85.521369,10.760498
210,"Nasua narica","Mamíferos","2024-05-12",-85.62097,10.968803
211,"Incilius luetkenii","Anfibios","2024-05-12",-85.622379,10.9754
212,"Incilius luetkenii","Anfibios","2024-05-12",-85.627568,10.989247
213,"Nasua narica","Mamíferos","2024-05-12",-85.628875,10.991539
214,"Calocitta formosa","Aves","2024-05-12",-85.628817,11.035321
215,"Leptodactylus fragilis","Anfibios","2024-05-12",-85.62829,11.042519
216,"Incilius luetkenii","Anfibios","2024-05-13",-85.5111,10.731559
217,"Leptodactylus fragilis","Anfibios","2024-05-13",-85.512,10.740531
218,"Leptodactylus fragilis","Anfibios","2024-05-13",-85.544798,10.810035
219,"Columbina inca","Aves","2024-05-13",-85.560806,10.835966
220,"Rhinella horribilis","Anfibios","2024-05-14",-85.511315,10.731029
221,"Rhinella horribilis","Anfibios","2024-05-14",-85.53164,10.781128
222,"Boa imperator","Reptiles","2024-05-14",-85.628448,11.062896
223,"Boa imperator","Reptiles","2024-05-15",-85.555989,10.830478
224,"Incilius luetkenii","Anfibios","2024-05-15",-85.593489,10.87993
225,"Smilisca baudinii","Anfibios","2024-05-15",-85.602954,10.899747
226,"Leptodactylus fragilis","Anfibios","2024-05-16",-85.51202,10.742933
227,"Dasypus novemcinctus","Mamíferos","2024-05-16",-85.544202,10.815501
228,"Leptodactylus fragilis","Anfibios","2024-05-16",-85.58644,10.877574
229,"Leptodactylus fragilis","Anfibios","2024-05-16",-85.602722,10.912921
230,"Rhinella horribilis","Anfibios","2024-05-16",-85.602792,10.914834
231,"Canis latrans","Mamíferos","2024-05-16",-85.63364,11.007681
232,"Tamandua mexicana","Mamíferos","2024-05-16",-85.626753,11.056063
233,"Leptodactylus fragilis","Anfibios","2024-05-17",-85.603229,10.91432
234,"Tamandua mexicana","Mamíferos","2024-05-18",-85.534007,10.786354
235,"Leptodactylus fragilis","Anfibios","2024-05-18",-85.60313,10.910924
236,"Leptodactylus fragilis","Anfibios","2024-05-19",-85.511002,10.731562
237,"Smilisca baudinii","Anfibios","2024-05-19",-85.602946,10.916178
238,"Iguana iguana","Reptiles","2024-05-19",-85.618214,10.958834
239,"Incilius luetkenii","Anfibios","2024-05-19",-85.628575,11.036403
240,"Rhinella horribilis","Anfibios","2024-05-20",-85.62044,10.966414
241,"Didelphis marsupialis","Mamíferos","2024-05-21",-85.494947,10.688706
242,"Incilius luetkenii","Anfibios","2024-05-21",-85.510786,10.729169
243,"Rhinella horribilis","Anfibios","2024-05-21",-85.602828,10.91384
244,"Rhinella horribilis","Anfibios","2024-05-21",-85.627104,11.059263
245,"Canis latrans","Mamíferos","2024-05-21",-85.629507,11.065812
246,"Leptodactylus fragilis","Anfibios","2024-05-22",-85.510871,10.730107
247,"Smilisca baudinii","Anfibios","2024-05-22",-85.511069,10.731065
248,"Smilisca baudinii","Anfibios","2024-05-22",-85.511038,10.73187
249,"Iguana iguana","Reptiles","2024-05-22",-85.602521,10.895207
250,"Procyon lotor","Mamíferos","2024-05-23",-85.492929,10.681609
251,"Tamandua mexicana","Mamíferos","2024-05-23",-85.601937,10.885571
252,"Procyon lotor","Mamíferos","2024-05-23",-85.628318,11.036092
253,"Iguana iguana","Reptiles","2024-05-24",-85.493781,10.686273
254,"Rhinella horribilis","Anfibios","2024-05-24",-85.511043,10.729895
255,"Smilisca baudinii","Anfibios","2024-05-24",-85.60285,10.915039
256,"Rhinella horribilis","Anfibios","2024-05-24",-85.629813,11.072365
257,"Smilisca baudinii","Anfibios","2024-05-25",-85.511273,10.729912
258,"Leptodactylus fragilis","Anfibios","2024-05-25",-85.552718,10.826664
259,"Canis latrans","Mamíferos","2024-05-25",-85.612394,10.943786
260,"Boa imperator","Reptiles","2024-05-25",-85.614417,10.952936
261,"Boa imperator","Reptiles","2024-05-25",-85.627284,10.989079
262,"Incilius luetkenii","Anfibios","2024-05-25",-85.638053,11.021513
263,"Rhinella horribilis","Anfibios","2024-05-26",-85.602753,10.887831
264,"Incilius luetkenii","Anfibios","2024-05-27",-85.511541,10.732249
265,"Rhinella horribilis","Anfibios","2024-05-27",-85.633885,11.00524
266,"Smilisca baudinii","Anfibios","2024-05-28",-85.511148,10.732613
267,"Leptodactylus fragilis","Anfibios","2024-05-29",-85.499354,10.704262
268,"Ctenosaura similis","Reptiles","2024-05-29",-85.628818,10.99128
269,"Leptodactylus fragilis","Anfibios","2024-05-30",-85.507883,10.714768
270,"Tamandua mexicana","Mamíferos","2024-05-30",-85.525003,10.768113
271,"Dasypus novemcinctus","Mamíferos","2024-05-30",-85.589104,10.878757
272,"Rhinella horribilis","Anfibios","2024-05-30",-85.628182,10.989359
273,"Procyon lotor","Mamíferos","2024-05-31",-85.630527,11.076674
274,"Calocitta formosa","Aves","2024-06-01",-85.543801,10.815739
275,"Rhinella horribilis","Anfibios","2024-06-01",-85.610818,10.936991
276,"Crotalus simus","Reptiles","2024-06-01",-85.629213,11.071762
277,"Crotalus simus","Reptiles","2024-06-02",-85.544569,10.809135
278,"Incilius luetkenii","Anfibios","2024-06-03",-85.510993,10.729881
279,"Didelphis marsupialis","Mamíferos","2024-06-03",-85.550857,10.825146
280,"Crotophaga sulcirostris","Aves","2024-06-03",-85.570683,10.861394
281,"Drymarchon melanurus","Reptiles","2024-06-03",-85.572182,10.865536
282,"Leptodactylus fragilis","Anfibios","2024-06-03",-85.604698,10.919542
283,"Leptodactylus fragilis","Anfibios","2024-06-04",-85.492996,10.684946
284,"Crotophaga sulcirostris","Aves","2024-06-04",-85.54575,10.820527
285,"Crotalus simus","Reptiles","2024-06-04",-85.615339,10.955181
286,"Leptodactylus fragilis","Anfibios","2024-06-05",-85.603081,10.913846
287,"Crotalus simus","Reptiles","2024-06-05",-85.633746,11.007835
288,"Boa imperator","Reptiles","2024-06-05",-85.627503,11.037675
289,"Smilisca baudinii","Anfibios","2024-06-06",-85.525891,10.769002
290,"Leptodactylus fragilis","Anfibios","2024-06-06",-85.570079,10.860057
291,"Dasypus novemcinctus","Mamíferos","2024-06-06",-85.573218,10.871157
292,"Crotophaga sulcirostris","Aves","2024-06-06",-85.598813,10.881358
293,"Leptodactylus fragilis","Anfibios","2024-06-06",-85.603078,10.914139
294,"Iguana iguana","Reptiles","2024-06-06",-85.627598,10.988885
295,"Nasua narica","Mamíferos","2024-06-07",-85.518318,10.75609
296,"Incilius luetkenii","Anfibios","2024-06-07",-85.552304,10.82667
297,"Canis latrans","Mamíferos","2024-06-07",-85.590745,10.878923
298,"Iguana iguana","Reptiles","2024-06-07",-85.637213,11.024324
299,"Columbina inca","Aves","2024-06-07",-85.627988,11.037881
300,"Crotalus simus","Reptiles","2024-06-08",-85.625969,11.05163
301,"Leptodactylus fragilis","Anfibios","2024-06-09",-85.57476,10.874575
302,"Canis latrans","Mamíferos","2024-06-09",-85.587194,10.877827
303,"Iguana iguana","Reptiles","2024-06-09",-85.599608,10.881899
304,"Incilius luetkenii","Anfibios","2024-06-09",-85.602782,10.914114
305,"Rhinella horribilis","Anfibios","2024-06-10",-85.511116,10.732783
306,"Nyctidromus albicollis","Aves","2024-06-10",-85.554418,10.828571
307,"Canis latrans","Mamíferos","2024-06-11",-85.499878,10.708527
308,"Nyctidromus albicollis","Aves","2024-06-11",-85.590827,10.878867
309,"Boa imperator","Reptiles","2024-06-11",-85.62411,10.979518
310,"Smilisca baudinii","Anfibios","2024-06-12",-85.530158,10.77829
311,"Boa imperator","Reptiles","2024-06-12",-85.542155,10.802354
312,"Procyon lotor","Mamíferos","2024-06-12",-85.628741,11.03573
313,"Rhinella horribilis","Anfibios","2024-06-14",-85.603033,10.91548
314,"Crotalus simus","Reptiles","2024-06-14",-85.605342,10.920946
315,"Smilisca baudinii","Anfibios","2024-06-14",-85.628543,10.990274
316,"Odocoileus virginianus","Mamíferos","2024-06-15",-85.543818,10.805275
317,"Crotalus simus","Reptiles","2024-06-15",-85.603,10.911182
318,"Dasypus novemcinctus","Mamíferos","2024-06-15",-85.609273,10.929304
319,"Calocitta formosa","Aves","2024-06-15",-85.634061,11.029642
320,"Odocoileus virginianus","Mamíferos","2024-06-16",-85.504726,10.711543
321,"Iguana iguana","Reptiles","2024-06-16",-85.521404,10.76092
322,"Smilisca baudinii","Anfibios","2024-06-16",-85.619036,10.961897
323,"Rhinella horribilis","Anfibios","2024-06-16",-85.630781,10.996147
324,"Incilius luetkenii","Anfibios","2024-06-17",-85.534552,10.786504
325,"Nasua narica","Mamíferos","2024-06-17",-85.543636,10.816689
326,"Procyon lotor","Mamíferos","2024-06-17",-85.589808,10.878695
327,"Boa imperator","Reptiles","2024-06-17",-85.605504,10.921235
328,"Leptodactylus fragilis","Anfibios","2024-06-18",-85.510947,10.731304
329,"Leptodactylus fragilis","Anfibios","2024-06-18",-85.511131,10.733423
330,"Leptodactylus fragilis","Anfibios","2024-06-18",-85.603164,10.914398
331,"Rhinella horribilis","Anfibios","2024-06-18",-85.602828,10.914673
332,"Odocoileus virginianus","Mamíferos","2024-06-18",-85.6287,11.035771
333,"Procyon lotor","Mamíferos","2024-06-19",-85.616719,10.956218
334,"Tamandua mexicana","Mamíferos","2024-06-19",-85.624001,10.980327
335,"Odocoileus virginianus","Mamíferos","2024-06-19",-85.628559,11.035978
336,"Smilisca baudinii","Anfibios","2024-06-20",-85.552982,10.829406
337,"Smilisca baudinii","Anfibios","2024-06-20",-85.582454,10.876487
338,"Odocoileus virginianus","Mamíferos","2024-06-20",-85.587423,10.878022
339,"Rhinella horribilis","Anfibios","2024-06-20",-85.603023,10.908999
340,"Rhinella horribilis","Anfibios","2024-06-20",-85.603119,10.913787
341,"Dasypus novemcinctus","Mamíferos","2024-06-20",-85.609573,10.932306
342,"Incilius luetkenii","Anfibios","2024-06-21",-85.511289,10.731063
343,"Smilisca baudinii","Anfibios","2024-06-21",-85.523126,10.764269
344,"Didelphis marsupialis","Mamíferos","2024-06-21",-85.544379,10.813955
345,"Rhinella horribilis","Anfibios","2024-06-21",-85.544212,10.81495
346,"Procyon lotor","Mamíferos","2024-06-21",-85.612342,10.948078
347,"Nasua narica","Mamíferos","2024-06-22",-85.544048,10.814009
348,"Odocoileus virginianus","Mamíferos","2024-06-22",-85.588525,10.878118
349,"Nyctidromus albicollis","Aves","2024-06-23",-85.495943,10.692226
350,"Rhinella horribilis","Anfibios","2024-06-24",-85.536278,10.790517
351,"Rhinella horribilis","Anfibios","2024-06-24",-85.571465,10.863556
352,"Smilisca baudinii","Anfibios","2024-06-24",-85.609101,10.930005
353,"Rhinella horribilis","Anfibios","2024-06-24",-85.628207,10.989519
354,"Incilius luetkenii","Anfibios","2024-06-25",-85.627587,11.06123
355,"Leptodactylus fragilis","Anfibios","2024-06-26",-85.608925,10.929063
356,"Nasua narica","Mamíferos","2024-06-26",-85.619732,10.965399
357,"Ctenosaura similis","Reptiles","2024-06-26",-85.636197,11.027015
358,"Incilius luetkenii","Anfibios","2024-06-27",-85.51222,10.745587
359,"Ctenosaura similis","Reptiles","2024-06-27",-85.521002,10.759873
360,"Rhinella horribilis","Anfibios","2024-06-27",-85.553837,10.828004
361,"Rhinella horribilis","Anfibios","2024-06-27",-85.602783,10.912888
362,"Columbina inca","Aves","2024-06-27",-85.609015,10.930384
363,"Nyctidromus albicollis","Aves","2024-06-28",-85.510931,10.730882
364,"Procyon lotor","Mamíferos","2024-06-29",-85.499982,10.704453
365,"Nyctidromus albicollis","Aves","2024-06-29",-85.534819,10.786937
366,"Odocoileus virginianus","Mamíferos","2024-06-29",-85.602562,10.906525
367,"Dasypus novemcinctus","Mamíferos","2024-06-29",-85.620035,10.964428
368,"Leptodactylus fragilis","Anfibios","2024-06-30",-85.538468,10.794333
369,"Smilisca baudinii","Anfibios","2024-06-30",-85.603113,10.913974
370,"Nyctidromus albicollis","Aves","2024-07-01",-85.511383,10.73122
371,"Smilisca baudinii","Anfibios","2024-07-01",-85.557137,10.832029
372,"Ctenosaura similis","Reptiles","2024-07-02",-85.629332,11.071557
373,"Boa imperator","Reptiles","2024-07-03",-85.511287,10.731108
374,"Ctenosaura similis","Reptiles","2024-07-04",-85.523474,10.764413
375,"Rhinella horribilis","Anfibios","2024-07-05",-85.497466,10.697756
376,"Boa imperator","Reptiles","2024-07-05",-85.511948,10.743783
377,"Procyon lotor","Mamíferos","2024-07-07",-85.51928,10.756962
378,"Dasypus novemcinctus","Mamíferos","2024-07-07",-85.612041,10.941061
379,"Nasua narica","Mamíferos","2024-07-08",-85.549079,10.823963
380,"Boa imperator","Reptiles","2024-07-08",-85.637959,11.022677
381,"Didelphis marsupialis","Mamíferos","2024-07-10",-85.500204,10.705219
382,"Dasypus novemcinctus","Mamíferos","2024-07-10",-85.544351,10.814629
383,"Iguana iguana","Reptiles","2024-07-11",-85.495862,10.69319
384,"Ctenosaura similis","Reptiles","2024-07-11",-85.537984,10.794113
385,"Dasypus novemcinctus","Mamíferos","2024-07-11",-85.543763,10.815233
386,"Odocoileus virginianus","Mamíferos","2024-07-11",-85.573266,10.870144
387,"Rhinella horribilis","Anfibios","2024-07-12",-85.51104,10.731123
388,"Smilisca baudinii","Anfibios","2024-07-12",-85.558609,10.835239
389,"Dasypus novemcinctus","Mamíferos","2024-07-12",-85.623203,10.984273
390,"Dasypus novemcinctus","Mamíferos","2024-07-12",-85.626254,11.046324
391,"Calocitta formosa","Aves","2024-07-13",-85.544047,10.816269
392,"Odocoileus virginianus","Mamíferos","2024-07-13",-85.588368,10.878469
393,"Crotalus simus","Reptiles","2024-07-14",-85.586399,10.877867
394,"Iguana iguana","Reptiles","2024-07-14",-85.602869,10.903597
395,"Procyon lotor","Mamíferos","2024-07-15",-85.622184,10.974895
396,"Crotalus simus","Reptiles","2024-07-15",-85.626339,11.051629
397,"Canis latrans","Mamíferos","2024-07-17",-85.587701,10.877973
398,"Incilius luetkenii","Anfibios","2024-07-17",-85.603039,10.915371
399,"Drymarchon melanurus","Reptiles","2024-07-17",-85.63374,11.007601
400,"Crotalus simus","Reptiles","2024-07-18",-85.602971,10.903684
401,"Boa imperator","Reptiles","2024-07-19",-85.590008,10.879008
402,"Drymarchon melanurus","Reptiles","2024-07-19",-85.63833,11.01883
403,"Incilius luetkenii","Anfibios","2024-07-20",-85.51143,10.73212
404,"Odocoileus virginianus","Mamíferos","2024-07-21",-85.494957,10.690246
405,"Iguana iguana","Reptiles","2024-07-21",-85.638064,11.018933
406,"Procyon lotor","Mamíferos","2024-07-22",-85.511412,10.731303
407,"Rhinella horribilis","Anfibios","2024-07-23",-85.511341,10.729623
408,"Calocitta formosa","Aves","2024-07-23",-85.544046,10.805745
409,"Tamandua mexicana","Mamíferos","2024-07-23",-85.543712,10.816546
410,"Didelphis marsupialis","Mamíferos","2024-07-23",-85.606402,10.923321
411,"Iguana iguana","Reptiles","2024-07-23",-85.628049,10.989802
412,"Leptodactylus fragilis","Anfibios","2024-07-24",-85.511452,10.731194
413,"Boa imperator","Reptiles","2024-07-25",-85.547722,10.822317
414,"Canis latrans","Mamíferos","2024-07-28",-85.511049,10.732073
415,"Canis latrans","Mamíferos","2024-07-29",-85.524991,10.767372
416,"Calocitta formosa","Aves","2024-07-29",-85.532869,10.783929
417,"Drymarchon melanurus","Reptiles","2024-07-29",-85.544536,10.812507
418,"Iguana iguana","Reptiles","2024-07-29",-85.58541,10.877585
419,"Boa imperator","Reptiles","2024-07-29",-85.614077,10.952307
420,"Odocoileus virginianus","Mamíferos","2024-07-30",-85.557218,10.83252
421,"Tamandua mexicana","Mamíferos","2024-07-30",-85.609678,10.934906
422,"Canis latrans","Mamíferos","2024-07-31",-85.587466,10.87799
423,"Leptodactylus fragilis","Anfibios","2024-07-31",-85.610572,10.928076
424,"Smilisca baudinii","Anfibios","2024-07-31",-85.628845,11.063107
425,"Didelphis marsupialis","Mamíferos","2024-08-01",-85.563753,10.841663
426,"Calocitta formosa","Aves","2024-08-01",-85.632773,11.031274
427,"Ctenosaura similis","Reptiles","2024-08-02",-85.544289,10.806297
428,"Boa imperator","Reptiles","2024-08-02",-85.61202,10.944906
429,"Boa imperator","Reptiles","2024-08-04",-85.559068,10.83557
430,"Nasua narica","Mamíferos","2024-08-04",-85.597727,10.88127
431,"Iguana iguana","Reptiles","2024-08-06",-85.593241,10.879539
432,"Leptodactylus fragilis","Anfibios","2024-08-06",-85.603043,10.914543
433,"Iguana iguana","Reptiles","2024-08-07",-85.506008,10.712574
434,"Iguana iguana","Reptiles","2024-08-08",-85.612909,10.949371
435,"Crotalus simus","Reptiles","2024-08-09",-85.523773,10.764625
436,"Crotophaga sulcirostris","Aves","2024-08-10",-85.535319,10.788119
437,"Drymarchon melanurus","Reptiles","2024-08-11",-85.544929,10.808311
438,"Odocoileus virginianus","Mamíferos","2024-08-11",-85.610727,10.937241
439,"Didelphis marsupialis","Mamíferos","2024-08-11",-85.636565,11.013413
440,"Drymarchon melanurus","Reptiles","2024-08-11",-85.629219,11.035362
441,"Rhinella horribilis","Anfibios","2024-08-11",-85.626504,11.043459
442,"Ctenosaura similis","Reptiles","2024-08-12",-85.519158,10.756847
443,"Iguana iguana","Reptiles","2024-08-12",-85.541928,10.802044
444,"Rhinella horribilis","Anfibios","2024-08-12",-85.570749,10.85775
445,"Canis latrans","Mamíferos","2024-08-12",-85.628735,10.993466
446,"Drymarchon melanurus","Reptiles","2024-08-12",-85.627086,11.039006
447,"Incilius luetkenii","Anfibios","2024-08-13",-85.54437,10.819137
448,"Ctenosaura similis","Reptiles","2024-08-14",-85.503974,10.710957
449,"Procyon lotor","Mamíferos","2024-08-16",-85.511686,10.740304
450,"Rhinella horribilis","Anfibios","2024-08-16",-85.633574,11.010842
451,"Drymarchon melanurus","Reptiles","2024-08-16",-85.637991,11.019559
452,"Ctenosaura similis","Reptiles","2024-08-16",-85.628351,11.036002
453,"Smilisca baudinii","Anfibios","2024-08-17",-85.628754,10.993563
454,"Procyon lotor","Mamíferos","2024-08-17",-85.638358,11.01939
455,"Calocitta formosa","Aves","2024-08-18",-85.505266,10.711856
456,"Calocitta formosa","Aves","2024-08-18",-85.511701,10.735449
457,"Crotophaga sulcirostris","Aves","2024-08-19",-85.62038,10.966639
458,"Boa imperator","Reptiles","2024-08-19",-85.624251,10.981591
459,"Calocitta formosa","Aves","2024-08-19",-85.626062,10.987295
460,"Procyon lotor","Mamíferos","2024-08-19",-85.635348,11.027343
461,"Nasua narica","Mamíferos","2024-08-20",-85.543614,10.81781
462,"Boa imperator","Reptiles","2024-08-21",-85.532742,10.782603
463,"Smilisca baudinii","Anfibios","2024-08-22",-85.511027,10.730695
464,"Canis latrans","Mamíferos","2024-08-22",-85.529225,10.776251
465,"Iguana iguana","Reptiles","2024-08-22",-85.62345,10.977728
466,"Drymarchon melanurus","Reptiles","2024-08-23",-85.629108,11.035188
467,"Nyctidromus albicollis","Aves","2024-08-24",-85.55873,10.835636
468,"Boa imperator","Reptiles","2024-08-24",-85.626462,11.054381
469,"Boa imperator","Reptiles","2024-08-25",-85.532251,10.781922
470,"Drymarchon melanurus","Reptiles","2024-08-25",-85.619863,10.966023
471,"Didelphis marsupialis","Mamíferos","2024-08-26",-85.543759,10.815067
472,"Rhinella horribilis","Anfibios","2024-08-27",-85.543815,10.814658
473,"Dasypus novemcinctus","Mamíferos","2024-08-27",-85.565187,10.843236
474,"Smilisca baudinii","Anfibios","2024-08-29",-85.511372,10.731197
475,"Dasypus novemcinctus","Mamíferos","2024-08-29",-85.621065,10.970764
476,"Rhinella horribilis","Anfibios","2024-08-30",-85.605701,10.915422
477,"Crotophaga sulcirostris","Aves","2024-08-31",-85.511255,10.733572
478,"Canis latrans","Mamíferos","2024-08-31",-85.536929,10.791948
479,"Iguana iguana","Reptiles","2024-08-31",-85.570847,10.848613
480,"Crotalus simus","Reptiles","2024-08-31",-85.612069,10.944107
481,"Didelphis marsupialis","Mamíferos","2024-09-01",-85.491851,10.682376
482,"Incilius luetkenii","Anfibios","2024-09-01",-85.492278,10.683806
483,"Odocoileus virginianus","Mamíferos","2024-09-01",-85.511423,10.730575
484,"Smilisca baudinii","Anfibios","2024-09-01",-85.539611,10.797126
485,"Smilisca baudinii","Anfibios","2024-09-01",-85.603032,10.914031
486,"Didelphis marsupialis","Mamíferos","2024-09-01",-85.623232,10.984042
487,"Crotalus simus","Reptiles","2024-09-01",-85.637825,11.019746
488,"Canis latrans","Mamíferos","2024-09-02",-85.522576,10.763177
489,"Canis latrans","Mamíferos","2024-09-02",-85.628403,11.036615
490,"Drymarchon melanurus","Reptiles","2024-09-02",-85.628258,11.036988
491,"Calocitta formosa","Aves","2024-09-03",-85.538987,10.795335
492,"Odocoileus virginianus","Mamíferos","2024-09-03",-85.593859,10.879664
493,"Rhinella horribilis","Anfibios","2024-09-03",-85.602796,10.912956
494,"Leptodactylus fragilis","Anfibios","2024-09-03",-85.618901,10.960605
495,"Drymarchon melanurus","Reptiles","2024-09-03",-85.62694,11.058542
496,"Tamandua mexicana","Mamíferos","2024-09-04",-85.544824,10.80769
497,"Procyon lotor","Mamíferos","2024-09-04",-85.544532,10.808633
498,"Didelphis marsupialis","Mamíferos","2024-09-04",-85.543601,10.815999
499,"Ctenosaura similis","Reptiles","2024-09-04",-85.624077,10.980636
500,"Canis latrans","Mamíferos","2024-09-04",-85.62865,11.062595
501,"Rhinella horribilis","Anfibios","2024-09-05",-85.602805,10.914282
502,"Boa imperator","Reptiles","2024-09-05",-85.627683,10.989435
503,"Columbina inca","Aves","2024-09-06",-85.523335,10.763901
504,"Nyctidromus albicollis","Aves","2024-09-06",-85.544415,10.818929
505,"Odocoileus virginianus","Mamíferos","2024-09-06",-85.630749,11.076569
506,"Columbina inca","Aves","2024-09-07",-85.638116,11.017384
507,"Rhinella horribilis","Anfibios","2024-09-08",-85.62706,10.988814
508,"Didelphis marsupialis","Mamíferos","2024-09-09",-85.496361,10.693234
509,"Canis latrans","Mamíferos","2024-09-10",-85.588322,10.878236
510,"Canis latrans","Mamíferos","2024-09-10",-85.631098,10.996472
511,"Crotophaga sulcirostris","Aves","2024-09-10",-85.638074,11.018918
512,"Crotalus simus","Reptiles","2024-09-11",-85.513498,10.751612
513,"Columbina inca","Aves","2024-09-11",-85.571869,10.854247
514,"Smilisca baudinii","Anfibios","2024-09-11",-85.586649,10.876775
515,"Calocitta formosa","Aves","2024-09-11",-85.602873,10.88816
516,"Tamandua mexicana","Mamíferos","2024-09-11",-85.606317,10.922918
517,"Tamandua mexicana","Mamíferos","2024-09-11",-85.626512,11.045052
518,"Leptodactylus fragilis","Anfibios","2024-09-13",-85.51121,10.731989
519,"Odocoileus virginianus","Mamíferos","2024-09-13",-85.634443,11.029005
520,"Boa imperator","Reptiles","2024-09-14",-85.61834,10.959613
521,"Drymarchon melanurus","Reptiles","2024-09-14",-85.628024,11.037478
522,"Crotalus simus","Reptiles","2024-09-15",-85.628243,11.036988
523,"Ctenosaura similis","Reptiles","2024-09-16",-85.50309,10.709742
524,"Nasua narica","Mamíferos","2024-09-16",-85.617638,10.954924
525,"Rhinella horribilis","Anfibios","2024-09-17",-85.572968,10.86892
526,"Canis latrans","Mamíferos","2024-09-17",-85.627135,10.989033
527,"Crotalus simus","Reptiles","2024-09-19",-85.553072,10.826904
528,"Tamandua mexicana","Mamíferos","2024-09-20",-85.637976,11.015477
529,"Smilisca baudinii","Anfibios","2024-09-21",-85.63396,11.0088
530,"Drymarchon melanurus","Reptiles","2024-09-23",-85.54188,10.801721
531,"Iguana iguana","Reptiles","2024-09-23",-85.628187,11.036929
532,"Iguana iguana","Reptiles","2024-09-24",-85.511969,10.742701
533,"Leptodactylus fragilis","Anfibios","2024-09-24",-85.570746,10.859003
534,"Nasua narica","Mamíferos","2024-09-25",-85.541511,10.800892
535,"Nyctidromus albicollis","Aves","2024-09-25",-85.570858,10.861436
536,"Ctenosaura similis","Reptiles","2024-09-25",-85.587934,10.878302
537,"Boa imperator","Reptiles","2024-09-25",-85.61209,10.943865
538,"Calocitta formosa","Aves","2024-09-25",-85.62746,11.037755
539,"Crotalus simus","Reptiles","2024-09-26",-85.569697,10.84857
540,"Procyon lotor","Mamíferos","2024-09-26",-85.602769,10.912659
541,"Ctenosaura similis","Reptiles","2024-09-26",-85.605125,10.920304
542,"Nyctidromus albicollis","Aves","2024-09-26",-85.612442,10.946263
543,"Nyctidromus albicollis","Aves","2024-09-28",-85.51736,10.755203
544,"Odocoileus virginianus","Mamíferos","2024-09-28",-85.602916,10.907537
545,"Procyon lotor","Mamíferos","2024-09-28",-85.62638,10.988305
546,"Boa imperator","Reptiles","2024-09-29",-85.509072,10.729564
547,"Nasua narica","Mamíferos","2024-09-29",-85.627201,10.988438
548,"Incilius luetkenii","Anfibios","2024-10-01",-85.637493,11.024075
549,"Smilisca baudinii","Anfibios","2024-10-02",-85.602843,10.915041
550,"Procyon lotor","Mamíferos","2024-10-02",-85.632817,10.999092
551,"Columbina inca","Aves","2024-10-04",-85.601353,10.884292
552,"Crotophaga sulcirostris","Aves","2024-10-04",-85.602451,10.88949
553,"Incilius luetkenii","Anfibios","2024-10-04",-85.602812,10.913478
554,"Dasypus novemcinctus","Mamíferos","2024-10-05",-85.586927,10.877663
555,"Crotophaga sulcirostris","Aves","2024-10-05",-85.608132,10.926594
556,"Dasypus novemcinctus","Mamíferos","2024-10-06",-85.606462,10.923657
557,"Smilisca baudinii","Anfibios","2024-10-06",-85.626929,10.988362
558,"Nasua narica","Mamíferos","2024-10-06",-85.63019,11.034352
559,"Rhinella horribilis","Anfibios","2024-10-07",-85.547256,10.822422
560,"Incilius luetkenii","Anfibios","2024-10-07",-85.612362,10.94842
561,"Crotophaga sulcirostris","Aves","2024-10-07",-85.633444,11.001381
562,"Rhinella horribilis","Anfibios","2024-10-07",-85.638234,11.019368
563,"Dasypus novemcinctus","Mamíferos","2024-10-07",-85.635668,11.027504
564,"Boa imperator","Reptiles","2024-10-08",-85.601864,10.885188
565,"Dasypus novemcinctus","Mamíferos","2024-10-09",-85.511055,10.732253
566,"Tamandua mexicana","Mamíferos","2024-10-09",-85.607199,10.925216
567,"Boa imperator","Reptiles","2024-10-09",-85.629742,11.034811
568,"Tamandua mexicana","Mamíferos","2024-10-10",-85.638342,11.019611
569,"Odocoileus virginianus","Mamíferos","2024-10-13",-85.57042,10.858956
570,"Dasypus novemcinctus","Mamíferos","2024-10-13",-85.575322,10.87475
571,"Drymarchon melanurus","Reptiles","2024-10-13",-85.619572,10.964285
572,"Ctenosaura similis","Reptiles","2024-10-13",-85.623337,10.977337
573,"Odocoileus virginianus","Mamíferos","2024-10-14",-85.602891,10.913512
574,"Columbina inca","Aves","2024-10-14",-85.627508,10.989221
575,"Crotophaga sulcirostris","Aves","2024-10-16",-85.532647,10.782882
576,"Drymarchon melanurus","Reptiles","2024-10-16",-85.587078,10.877729
577,"Dasypus novemcinctus","Mamíferos","2024-10-16",-85.637344,11.023386
578,"Crotalus simus","Reptiles","2024-10-17",-85.548183,10.823188
579,"Ctenosaura similis","Reptiles","2024-10-18",-85.633913,11.012489
580,"Iguana iguana","Reptiles","2024-10-19",-85.543627,10.817402
581,"Odocoileus virginianus","Mamíferos","2024-10-20",-85.535531,10.789249
582,"Tamandua mexicana","Mamíferos","2024-10-20",-85.602522,10.898948
583,"Odocoileus virginianus","Mamíferos","2024-10-21",-85.527624,10.773044
584,"Odocoileus virginianus","Mamíferos","2024-10-21",-85.53252,10.782402
585,"Boa imperator","Reptiles","2024-10-21",-85.550851,10.825058
586,"Leptodactylus fragilis","Anfibios","2024-10-21",-85.623409,10.978607
587,"Crotophaga sulcirostris","Aves","2024-10-22",-85.501784,10.707724
588,"Incilius luetkenii","Anfibios","2024-10-22",-85.512081,10.741268
589,"Dasypus novemcinctus","Mamíferos","2024-10-22",-85.570366,10.858976
590,"Calocitta formosa","Aves","2024-10-22",-85.602794,10.911958
591,"Iguana iguana","Reptiles","2024-10-23",-85.536005,10.789555
592,"Boa imperator","Reptiles","2024-10-24",-85.544044,10.816224
593,"Nasua narica","Mamíferos","2024-10-25",-85.512215,10.741686
594,"Crotalus simus","Reptiles","2024-10-25",-85.561246,10.838623
595,"Nasua narica","Mamíferos","2024-10-25",-85.571294,10.849174
596,"Canis latrans","Mamíferos","2024-10-25",-85.638234,11.020585
597,"Tamandua mexicana","Mamíferos","2024-10-25",-85.636092,11.02714
598,"Nyctidromus albicollis","Aves","2024-10-28",-85.601295,10.883486
599,"Didelphis marsupialis","Mamíferos","2024-10-28",-85.612283,10.941396
600,"Rhinella horribilis","Anfibios","2024-10-28",-85.635097,11.028319
601,"Ctenosaura similis","Reptiles","2024-10-29",-85.544154,10.81546
602,"Iguana iguana","Reptiles","2024-10-29",-85.562195,10.83971
603,"Incilius luetkenii","Anfibios","2024-10-29",-85.620379,10.966053
604,"Incilius luetkenii","Anfibios","2024-10-30",-85.511481,10.735818
605,"Tamandua mexicana","Mamíferos","2024-10-30",-85.630064,11.034366
606,"Nyctidromus albicollis","Aves","2024-10-31",-85.543718,10.817346
607,"Crotalus simus","Reptiles","2024-10-31",-85.594732,10.880218
608,"Dasypus novemcinctus","Mamíferos","2024-11-01",-85.628123,11.037069
609,"Didelphis marsupialis","Mamíferos","2024-11-02",-85.589678,10.878655
610,"Calocitta formosa","Aves","2024-11-02",-85.602074,10.884645
611,"Calocitta formosa","Aves","2024-11-02",-85.629316,11.06636
612,"Nyctidromus albicollis","Aves","2024-11-03",-85.535779,10.789611
613,"Canis latrans","Mamíferos","2024-11-03",-85.561075,10.838649
614,"Columbina inca","Aves","2024-11-04",-85.586878,10.878054
615,"Procyon lotor","Mamíferos","2024-11-04",-85.633728,11.008876
616,"Tamandua mexicana","Mamíferos","2024-11-05",-85.602863,10.915222
617,"Leptodactylus fragilis","Anfibios","2024-11-06",-85.511156,10.73152
618,"Canis latrans","Mamíferos","2024-11-06",-85.58901,10.878738
619,"Rhinella horribilis","Anfibios","2024-11-06",-85.6029,10.912626
620,"Nasua narica","Mamíferos","2024-11-06",-85.637121,11.025171
621,"Nasua narica","Mamíferos","2024-11-07",-85.609341,10.930308
622,"Crotophaga sulcirostris","Aves","2024-11-07",-85.626016,11.049564
623,"Nasua narica","Mamíferos","2024-11-11",-85.572583,10.867594
624,"Crotophaga sulcirostris","Aves","2024-11-11",-85.635574,11.001241
625,"Crotalus simus","Reptiles","2024-11-13",-85.519072,10.756561
626,"Tamandua mexicana","Mamíferos","2024-11-13",-85.624447,10.98587
627,"Nasua narica","Mamíferos","2024-11-13",-85.628079,11.037503
628,"Didelphis marsupialis","Mamíferos","2024-11-14",-85.579612,10.876024
629,"Incilius luetkenii","Anfibios","2024-11-14",-85.602891,10.915044
630,"Leptodactylus fragilis","Anfibios","2024-11-16",-85.603078,10.915525
631,"Nasua narica","Mamíferos","2024-11-17",-85.615787,10.955625
632,"Odocoileus virginianus","Mamíferos","2024-11-17",-85.622089,10.973115
633,"Drymarchon melanurus","Reptiles","2024-11-18",-85.507844,10.715418
634,"Odocoileus virginianus","Mamíferos","2024-11-18",-85.543698,10.816286
635,"Crotophaga sulcirostris","Aves","2024-11-18",-85.611618,10.929246
636,"Dasypus novemcinctus","Mamíferos","2024-11-19",-85.546914,10.822088
637,"Canis latrans","Mamíferos","2024-11-19",-85.588745,10.878713
638,"Iguana iguana","Reptiles","2024-11-19",-85.62727,11.059997
639,"Crotophaga sulcirostris","Aves","2024-11-20",-85.581112,10.876467
640,"Boa imperator","Reptiles","2024-11-20",-85.589163,10.880386
641,"Didelphis marsupialis","Mamíferos","2024-11-20",-85.602718,10.906438
642,"Columbina inca","Aves","2024-11-20",-85.633697,11.009672
643,"Canis latrans","Mamíferos","2024-11-20",-85.633858,11.010177
644,"Nasua narica","Mamíferos","2024-11-21",-85.63858,11.017243
645,"Leptodactylus fragilis","Anfibios","2024-11-22",-85.51106,10.732163
646,"Didelphis marsupialis","Mamíferos","2024-11-22",-85.522097,10.761484
647,"Rhinella horribilis","Anfibios","2024-11-22",-85.621048,10.970949
648,"Nyctidromus albicollis","Aves","2024-11-22",-85.628565,10.991276
649,"Columbina inca","Aves","2024-11-23",-85.602819,10.895638
650,"Rhinella horribilis","Anfibios","2024-11-23",-85.628149,10.989461
651,"Ctenosaura similis","Reptiles","2024-11-23",-85.629224,11.035427
652,"Dasypus novemcinctus","Mamíferos","2024-11-25",-85.570748,10.861844
653,"Ctenosaura similis","Reptiles","2024-11-25",-85.60275,10.913609
654,"Calocitta formosa","Aves","2024-11-25",-85.622402,10.974632
655,"Didelphis marsupialis","Mamíferos","2024-11-27",-85.544471,10.807842
656,"Ctenosaura similis","Reptiles","2024-11-27",-85.603313,10.916199
657,"Ctenosaura similis","Reptiles","2024-11-27",-85.617658,10.958386
658,"Incilius luetkenii","Anfibios","2024-11-28",-85.613394,10.952074
659,"Iguana iguana","Reptiles","2024-11-28",-85.62639,11.047759
660,"Canis latrans","Mamíferos","2024-11-29",-85.528148,10.773473
661,"Crotalus simus","Reptiles","2024-11-29",-85.626937,11.043021
662,"Iguana iguana","Reptiles","2024-11-30",-85.497687,10.699008
663,"Rhinella horribilis","Anfibios","2024-11-30",-85.53586,10.789819
664,"Tamandua mexicana","Mamíferos","2024-11-30",-85.634046,11.003947
665,"Columbina inca","Aves","2024-12-01",-85.544374,10.813117
666,"Tamandua mexicana","Mamíferos","2024-12-01",-85.625996,11.049183
667,"Canis latrans","Mamíferos","2024-12-02",-85.52684,10.770914
668,"Boa imperator","Reptiles","2024-12-02",-85.628418,11.036952
669,"Procyon lotor","Mamíferos","2024-12-04",-85.621207,10.969699
670,"Columbina inca","Aves","2024-12-05",-85.511205,10.730273
671,"Odocoileus virginianus","Mamíferos","2024-12-05",-85.608171,10.926097
672,"Odocoileus virginianus","Mamíferos","2024-12-06",-85.627557,11.03774
673,"Boa imperator","Reptiles","2024-12-07",-85.628834,11.036113
674,"Drymarchon melanurus","Reptiles","2024-12-08",-85.544373,10.811953
675,"Odocoileus virginianus","Mamíferos","2024-12-09",-85.559865,10.837571
676,"Crotophaga sulcirostris","Aves","2024-12-09",-85.627346,10.989187
677,"Nyctidromus albicollis","Aves","2024-12-09",-85.627919,11.036795
678,"Odocoileus virginianus","Mamíferos","2024-12-10",-85.543812,10.814679
679,"Didelphis marsupialis","Mamíferos","2024-12-11",-85.627823,10.989215
680,"Dasypus novemcinctus","Mamíferos","2024-12-12",-85.54372,10.81658
681,"Boa imperator","Reptiles","2024-12-12",-85.627727,11.038212
682,"Columbina inca","Aves","2024-12-13",-85.572749,10.849884
683,"Boa imperator","Reptiles","2024-12-14",-85.610763,10.937722
684,"Procyon lotor","Mamíferos","2024-12-16",-85.612249,10.946608
685,"Calocitta formosa","Aves","2024-12-17",-85.613074,10.951106
686,"Crotalus simus","Reptiles","2024-12-18",-85.502101,10.70869
687,"Tamandua mexicana","Mamíferos","2024-12-18",-85.587979,10.87808
688,"Columbina inca","Aves","2024-12-20",-85.522763,10.763597
689,"Iguana iguana","Reptiles","2024-12-20",-85.581529,10.876593
690,"Calocitta formosa","Aves","2024-12-21",-85.573768,10.873359
691,"Drymarchon melanurus","Reptiles","2024-12-22",-85.496431,10.693274
692,"Procyon lotor","Mamíferos","2024-12-22",-85.498828,10.701915
693,"Nyctidromus albicollis","Aves","2024-12-22",-85.602713,10.914862
694,"Drymarchon melanurus","Reptiles","2024-12-22",-85.626459,10.988253
695,"Nyctidromus albicollis","Aves","2024-12-22",-85.628747,11.069016
696,"Boa imperator","Reptiles","2024-12-23",-85.58661,10.877954
697,"Ctenosaura similis","Reptiles","2024-12-24",-85.603172,10.914864
698,"Drymarchon melanurus","Reptiles","2024-12-25",-85.531007,10.78014
699,"Dasypus novemcinctus","Mamíferos","2024-12-25",-85.612502,10.943233
700,"Nyctidromus albicollis","Aves","2024-12-25",-85.61625,10.955908
701,"Iguana iguana","Reptiles","2024-12-25",-85.636991,11.02533
702,"Crotophaga sulcirostris","Aves","2024-12-26",-85.49652,10.694695
703,"Nyctidromus albicollis","Aves","2024-12-26",-85.555241,10.829788
704,"Odocoileus virginianus","Mamíferos","2024-12-26",-85.5756,10.874912
705,"Boa imperator","Reptiles","2024-12-27",-85.537025,10.791765
706,"Didelphis marsupialis","Mamíferos","2024-12-27",-85.595847,10.880316
707,"Procyon lotor","Mamíferos","2024-12-29",-85.588681,10.878356
708,"Boa imperator","Reptiles","2024-12-31",-85.567878,10.846976
709,"Ctenosaura similis","Reptiles","2025-01-04",-85.494117,10.687535
710,"Drymarchon melanurus","Reptiles","2025-01-04",-85.511255,10.730125
711,"Nasua narica","Mamíferos","2025-01-04",-85.628693,11.03641
712,"Crotalus simus","Reptiles","2025-01-08",-85.52524,10.768639
713,"Nasua narica","Mamíferos","2025-01-09",-85.629015,11.035396
714,"Crotophaga sulcirostris","Aves","2025-01-10",-85.602889,10.897321
715,"Ctenosaura similis","Reptiles","2025-01-10",-85.604169,10.900762
716,"Nasua narica","Mamíferos","2025-01-11",-85.492829,10.683934
717,"Crotalus simus","Reptiles","2025-01-11",-85.602656,10.91171
718,"Crotalus simus","Reptiles","2025-01-11",-85.626277,11.049488
719,"Dasypus novemcinctus","Mamíferos","2025-01-12",-85.510739,10.725392
720,"Ctenosaura similis","Reptiles","2025-01-14",-85.510116,10.719042
721,"Calocitta formosa","Aves","2025-01-14",-85.602881,10.889076
722,"Iguana iguana","Reptiles","2025-01-15",-85.627641,11.037349
723,"Iguana iguana","Reptiles","2025-01-20",-85.510088,10.718922
724,"Dasypus novemcinctus","Mamíferos","2025-01-20",-85.544027,10.816953
725,"Columbina inca","Aves","2025-01-20",-85.633314,11.001407
726,"Procyon lotor","Mamíferos","2025-01-22",-85.603106,10.913655
727,"Dasypus novemcinctus","Mamíferos","2025-01-23",-85.51154,10.731924
728,"Boa imperator","Reptiles","2025-01-23",-85.537096,10.791824
729,"Odocoileus virginianus","Mamíferos","2025-01-25",-85.589035,10.87872
730,"Procyon lotor","Mamíferos","2025-01-25",-85.627562,10.988819
731,"Canis latrans","Mamíferos","2025-01-26",-85.588535,10.878208
732,"Boa imperator","Reptiles","2025-01-26",-85.629998,10.995206
733,"Boa imperator","Reptiles","2025-01-26",-85.628091,11.03736
734,"Ctenosaura similis","Reptiles","2025-01-27",-85.498391,10.699756
735,"Ctenosaura similis","Reptiles","2025-01-27",-85.567469,10.846683
736,"Crotophaga sulcirostris","Aves","2025-01-27",-85.602864,10.914797
737,"Nasua narica","Mamíferos","2025-01-28",-85.594722,10.879915
738,"Didelphis marsupialis","Mamíferos","2025-01-29",-85.52895,10.775142
739,"Ctenosaura similis","Reptiles","2025-01-31",-85.619994,10.964903
740,"Tamandua mexicana","Mamíferos","2025-02-01",-85.628382,10.989648
741,"Nyctidromus albicollis","Aves","2025-02-02",-85.500475,10.706139
742,"Didelphis marsupialis","Mamíferos","2025-02-02",-85.588821,10.878362
743,"Columbina inca","Aves","2025-02-03",-85.533547,10.785091
744,"Iguana iguana","Reptiles","2025-02-03",-85.606964,10.923725
745,"Ctenosaura similis","Reptiles","2025-02-03",-85.627132,11.04096
746,"Didelphis marsupialis","Mamíferos","2025-02-04",-85.628334,10.990577
747,"Nyctidromus albicollis","Aves","2025-02-04",-85.62842,11.036603
748,"Procyon lotor","Mamíferos","2025-02-05",-85.492688,10.68389
749,"Crotophaga sulcirostris","Aves","2025-02-05",-85.497702,10.697405
750,"Drymarchon melanurus","Reptiles","2025-02-06",-85.511161,10.732191
751,"Nasua narica","Mamíferos","2025-02-06",-85.546655,10.821228
752,"Procyon lotor","Mamíferos","2025-02-07",-85.532742,10.783575
753,"Canis latrans","Mamíferos","2025-02-08",-85.499689,10.704892
754,"Drymarchon melanurus","Reptiles","2025-02-08",-85.620224,10.965403
755,"Crotophaga sulcirostris","Aves","2025-02-09",-85.571761,10.854736
756,"Crotalus simus","Reptiles","2025-02-10",-85.567378,10.845971
757,"Tamandua mexicana","Mamíferos","2025-02-10",-85.571099,10.86202
758,"Odocoileus virginianus","Mamíferos","2025-02-11",-85.603223,10.914153
759,"Nasua narica","Mamíferos","2025-02-11",-85.627998,10.98977
760,"Dasypus novemcinctus","Mamíferos","2025-02-11",-85.633768,11.006419
761,"Iguana iguana","Reptiles","2025-02-12",-85.602725,10.900418
762,"Iguana iguana","Reptiles","2025-02-12",-85.62817,10.989626
763,"Crotophaga sulcirostris","Aves","2025-02-12",-85.628916,11.067397
764,"Crotophaga sulcirostris","Aves","2025-02-15",-85.544077,10.81399
765,"Dasypus novemcinctus","Mamíferos","2025-02-16",-85.590858,10.879085
766,"Ctenosaura similis","Reptiles","2025-02-19",-85.534764,10.787894
767,"Crotalus simus","Reptiles","2025-02-19",-85.602744,10.91463
768,"Drymarchon melanurus","Reptiles","2025-02-19",-85.603167,10.91542
769,"Drymarchon melanurus","Reptiles","2025-02-19",-85.632701,11.030525
770,"Canis latrans","Mamíferos","2025-02-19",-85.629684,11.073637
771,"Drymarchon melanurus","Reptiles","2025-02-21",-85.612815,10.94931
772,"Tamandua mexicana","Mamíferos","2025-02-22",-85.539469,10.796263
773,"Odocoileus virginianus","Mamíferos","2025-02-23",-85.630027,10.995865
774,"Odocoileus virginianus","Mamíferos","2025-02-24",-85.637345,11.023854
775,"Drymarchon melanurus","Reptiles","2025-02-26",-85.611735,10.939969
776,"Canis latrans","Mamíferos","2025-02-26",-85.631383,11.032749
777,"Dasypus novemcinctus","Mamíferos","2025-02-27",-85.619562,10.9638
778,"Tamandua mexicana","Mamíferos","2025-02-28",-85.540344,10.798132
779,"Drymarchon melanurus","Reptiles","2025-03-01",-85.628308,11.037116
780,"Crotophaga sulcirostris","Aves","2025-03-02",-85.58283,10.876684
781,"Canis latrans","Mamíferos","2025-03-02",-85.606577,10.923099
782,"Procyon lotor","Mamíferos","2025-03-04",-85.590791,10.878772
783,"Tamandua mexicana","Mamíferos","2025-03-06",-85.514233,10.752445
784,"Calocitta formosa","Aves","2025-03-06",-85.543772,10.816104
785,"Crotalus simus","Reptiles","2025-03-07",-85.605907,10.922804
786,"Canis latrans","Mamíferos","2025-03-07",-85.611903,10.940772
787,"Odocoileus virginianus","Mamíferos","2025-03-08",-85.629904,11.072533
788,"Dasypus novemcinctus","Mamíferos","2025-03-10",-85.589572,10.87841
789,"Nasua narica","Mamíferos","2025-03-11",-85.626613,11.055782
790,"Canis latrans","Mamíferos","2025-03-12",-85.6008,10.893179
791,"Dasypus novemcinctus","Mamíferos","2025-03-12",-85.626305,11.046833
792,"Canis latrans","Mamíferos","2025-03-13",-85.52198,10.761257
793,"Nasua narica","Mamíferos","2025-03-13",-85.544156,10.812744
794,"Didelphis marsupialis","Mamíferos","2025-03-13",-85.626346,10.987868
795,"Drymarchon melanurus","Reptiles","2025-03-14",-85.626326,11.04859
796,"Nasua narica","Mamíferos","2025-03-15",-85.570671,10.861568
797,"Columbina inca","Aves","2025-03-15",-85.586186,10.877899
798,"Odocoileus virginianus","Mamíferos","2025-03-15",-85.588383,10.878135
799,"Columbina inca","Aves","2025-03-16",-85.567147,10.845837
800,"Tamandua mexicana","Mamíferos","2025-03-16",-85.628592,11.036582
801,"Iguana iguana","Reptiles","2025-03-16",-85.626266,11.046971
802,"Odocoileus virginianus","Mamíferos","2025-03-17",-85.493233,10.684603
803,"Crotophaga sulcirostris","Aves","2025-03-17",-85.633717,11.009792
804,"Didelphis marsupialis","Mamíferos","2025-03-18",-85.516791,10.754503
805,"Ctenosaura similis","Reptiles","2025-03-18",-85.590987,10.87918
806,"Crotalus simus","Reptiles","2025-03-18",-85.619703,10.963
807,"Dasypus novemcinctus","Mamíferos","2025-03-19",-85.602911,10.898762
808,"Dasypus novemcinctus","Mamíferos","2025-03-21",-85.513297,10.751036
809,"Odocoileus virginianus","Mamíferos","2025-03-22",-85.540176,10.797669
810,"Ctenosaura similis","Reptiles","2025-03-23",-85.526552,10.771325
811,"Didelphis marsupialis","Mamíferos","2025-03-25",-85.596269,10.880646
812,"Calocitta formosa","Aves","2025-03-25",-85.620555,10.96815
813,"Tamandua mexicana","Mamíferos","2025-03-25",-85.628839,10.991458
814,"Drymarchon melanurus","Reptiles","2025-03-25",-85.633015,11.000359
815,"Iguana iguana","Reptiles","2025-03-26",-85.544831,10.809085
816,"Columbina inca","Aves","2025-03-27",-85.541458,10.80024
817,"Ctenosaura similis","Reptiles","2025-03-27",-85.602812,10.911609
818,"Nasua narica","Mamíferos","2025-03-27",-85.637711,11.021085
819,"Columbina inca","Aves","2025-03-27",-85.627388,11.039936
820,"Tamandua mexicana","Mamíferos","2025-03-29",-85.532399,10.782209
821,"Iguana iguana","Reptiles","2025-03-29",-85.565634,10.843843
822,"Crotalus simus","Reptiles","2025-03-29",-85.636278,11.013639
823,"Drymarchon melanurus","Reptiles","2025-03-30",-85.61816,10.959688
824,"Canis latrans","Mamíferos","2025-04-01",-85.636892,11.025754
825,"Drymarchon melanurus","Reptiles","2025-04-02",-85.620164,10.965382
826,"Tamandua mexicana","Mamíferos","2025-04-02",-85.628888,10.993787
827,"Iguana iguana","Reptiles","2025-04-04",-85.620351,10.967633
828,"Tamandua mexicana","Mamíferos","2025-04-05",-85.544229,10.81542
829,"Nyctidromus albicollis","Aves","2025-04-05",-85.61215,10.945577
830,"Dasypus novemcinctus","Mamíferos","2025-04-06",-85.511194,10.729573
831,"Boa imperator","Reptiles","2025-04-07",-85.51086,10.728402
832,"Crotalus simus","Reptiles","2025-04-07",-85.549622,10.824325
833,"Odocoileus virginianus","Mamíferos","2025-04-08",-85.54189,10.801393
834,"Calocitta formosa","Aves","2025-04-09",-85.526881,10.770919
835,"Crotophaga sulcirostris","Aves","2025-04-10",-85.636921,11.024837
836,"Drymarchon melanurus","Reptiles","2025-04-13",-85.588028,10.878395
837,"Drymarchon melanurus","Reptiles","2025-04-14",-85.608983,10.928338
838,"Nasua narica","Mamíferos","2025-04-14",-85.623052,10.977076
839,"Canis latrans","Mamíferos","2025-04-15",-85.49552,10.690966
840,"Dasypus novemcinctus","Mamíferos","2025-04-15",-85.589827,10.87847
841,"Nasua narica","Mamíferos","2025-04-16",-85.622408,10.974592
842,"Boa imperator","Reptiles","2025-04-17",-85.511763,10.735433
843,"Crotalus simus","Reptiles","2025-04-17",-85.571998,10.865622
844,"Tamandua mexicana","Mamíferos","2025-04-17",-85.588307,10.878227
845,"Ctenosaura similis","Reptiles","2025-04-17",-85.627343,11.038083
846,"Columbina inca","Aves","2025-04-18",-85.58828,10.878198
847,"Ctenosaura similis","Reptiles","2025-04-19",-85.503385,10.709648
848,"Boa imperator","Reptiles","2025-04-19",-85.543683,10.816024
849,"Crotalus simus","Reptiles","2025-04-19",-85.619873,10.965587
850,"Dasypus novemcinctus","Mamíferos","2025-04-20",-85.626699,10.988543
851,"Odocoileus virginianus","Mamíferos","2025-04-21",-85.578168,10.875377
852,"Crotalus simus","Reptiles","2025-04-21",-85.615549,10.955207
853,"Columbina inca","Aves","2025-04-22",-85.588706,10.878355
854,"Didelphis marsupialis","Mamíferos","2025-04-23",-85.512039,10.744057
855,"Odocoileus virginianus","Mamíferos","2025-04-23",-85.531059,10.779531
856,"Columbina inca","Aves","2025-04-24",-85.617414,10.95766
857,"Procyon lotor","Mamíferos","2025-04-25",-85.561423,10.839405
858,"Crotalus simus","Reptiles","2025-04-26",-85.614277,10.953367
859,"Iguana iguana","Reptiles","2025-04-27",-85.528381,10.774056
860,"Crotophaga sulcirostris","Aves","2025-04-27",-85.610576,10.936459
861,"Odocoileus virginianus","Mamíferos","2025-04-29",-85.548136,10.822499
862,"Drymarchon melanurus","Reptiles","2025-04-29",-85.633611,11.011529
863,"Drymarchon melanurus","Reptiles","2025-04-29",-85.630351,11.033962
864,"Boa imperator","Reptiles","2025-04-30",-85.510478,10.720826
865,"Nasua narica","Mamíferos","2025-04-30",-85.549115,10.823544
866,"Nasua narica","Mamíferos","2025-05-01",-85.588086,10.877996
867,"Procyon lotor","Mamíferos","2025-05-04",-85.533199,10.78383
868,"Incilius luetkenii","Anfibios","2025-05-04",-85.534937,10.787219
869,"Boa imperator","Reptiles","2025-05-05",-85.495046,10.690534
870,"Smilisca baudinii","Anfibios","2025-05-05",-85.63822,11.020127
871,"Incilius luetkenii","Anfibios","2025-05-06",-85.511014,10.731157
872,"Crotalus simus","Reptiles","2025-05-06",-85.519077,10.756759
873,"Crotophaga sulcirostris","Aves","2025-05-06",-85.560311,10.83751
874,"Didelphis marsupialis","Mamíferos","2025-05-06",-85.561523,10.839615
875,"Ctenosaura similis","Reptiles","2025-05-06",-85.562804,10.840978
876,"Rhinella horribilis","Anfibios","2025-05-06",-85.603296,10.916411
877,"Didelphis marsupialis","Mamíferos","2025-05-06",-85.619481,10.962642
878,"Crotalus simus","Reptiles","2025-05-07",-85.52013,10.759992
879,"Nasua narica","Mamíferos","2025-05-07",-85.532981,10.784131
880,"Rhinella horribilis","Anfibios","2025-05-07",-85.603014,10.912133
881,"Leptodactylus fragilis","Anfibios","2025-05-07",-85.626854,11.044376
882,"Canis latrans","Mamíferos","2025-05-08",-85.49551,10.691683
883,"Incilius luetkenii","Anfibios","2025-05-08",-85.496334,10.692971
884,"Incilius luetkenii","Anfibios","2025-05-08",-85.618371,10.959825
885,"Nasua narica","Mamíferos","2025-05-08",-85.637736,11.021907
886,"Didelphis marsupialis","Mamíferos","2025-05-08",-85.627054,11.041065
887,"Rhinella horribilis","Anfibios","2025-05-09",-85.511082,10.730646
888,"Columbina inca","Aves","2025-05-09",-85.511396,10.731576
889,"Incilius luetkenii","Anfibios","2025-05-09",-85.530169,10.77791
890,"Canis latrans","Mamíferos","2025-05-09",-85.560439,10.838144
891,"Ctenosaura similis","Reptiles","2025-05-09",-85.623755,10.98358
892,"Incilius luetkenii","Anfibios","2025-05-09",-85.626634,10.988084
893,"Smilisca baudinii","Anfibios","2025-05-09",-85.638308,11.018007
894,"Procyon lotor","Mamíferos","2025-05-10",-85.5136,10.75164
895,"Procyon lotor","Mamíferos","2025-05-10",-85.544478,10.809862
896,"Dasypus novemcinctus","Mamíferos","2025-05-10",-85.543689,10.817955
897,"Smilisca baudinii","Anfibios","2025-05-10",-85.60264,10.910793
898,"Rhinella horribilis","Anfibios","2025-05-10",-85.603034,10.914385
899,"Leptodactylus fragilis","Anfibios","2025-05-10",-85.617381,10.958099
900,"Nyctidromus albicollis","Aves","2025-05-11",-85.625548,10.987452
901,"Crotalus simus","Reptiles","2025-05-11",-85.637464,11.022956
902,"Rhinella horribilis","Anfibios","2025-05-12",-85.511533,10.733427
903,"Incilius luetkenii","Anfibios","2025-05-12",-85.512619,10.746285
904,"Canis latrans","Mamíferos","2025-05-12",-85.589405,10.8789
905,"Incilius luetkenii","Anfibios","2025-05-12",-85.603291,10.917901
906,"Smilisca baudinii","Anfibios","2025-05-12",-85.632565,10.998717
907,"Rhinella horribilis","Anfibios","2025-05-13",-85.498535,10.699979
908,"Dasypus novemcinctus","Mamíferos","2025-05-13",-85.568184,10.847329
909,"Procyon lotor","Mamíferos","2025-05-14",-85.544349,10.814593
910,"Tamandua mexicana","Mamíferos","2025-05-15",-85.602788,10.91367
911,"Dasypus novemcinctus","Mamíferos","2025-05-15",-85.621688,10.972509
912,"Leptodactylus fragilis","Anfibios","2025-05-16",-85.496286,10.693258
913,"Incilius luetkenii","Anfibios","2025-05-16",-85.511581,10.732946
914,"Nyctidromus albicollis","Aves","2025-05-16",-85.543793,10.816349
915,"Rhinella horribilis","Anfibios","2025-05-16",-85.567759,10.84711
916,"Smilisca baudinii","Anfibios","2025-05-17",-85.511771,10.741204
917,"Smilisca baudinii","Anfibios","2025-05-17",-85.615578,10.955178
918,"Boa imperator","Reptiles","2025-05-18",-85.523758,10.765404
919,"Didelphis marsupialis","Mamíferos","2025-05-18",-85.612912,10.949299
920,"Leptodactylus fragilis","Anfibios","2025-05-19",-85.603144,10.916428
921,"Canis latrans","Mamíferos","2025-05-21",-85.543555,10.816811
922,"Nasua narica","Mamíferos","2025-05-22",-85.543799,10.815218
923,"Rhinella horribilis","Anfibios","2025-05-22",-85.603199,10.912127
924,"Crotophaga sulcirostris","Aves","2025-05-23",-85.510863,10.729568
925,"Rhinella horribilis","Anfibios","2025-05-23",-85.603081,10.914082
926,"Nyctidromus albicollis","Aves","2025-05-23",-85.609458,10.933101
927,"Leptodactylus fragilis","Anfibios","2025-05-24",-85.603118,10.914282
928,"Rhinella horribilis","Anfibios","2025-05-24",-85.620082,10.966812
929,"Crotophaga sulcirostris","Aves","2025-05-24",-85.623706,10.985665
930,"Nyctidromus albicollis","Aves","2025-05-24",-85.634975,11.027977
931,"Smilisca baudinii","Anfibios","2025-05-24",-85.62698,11.042173
932,"Nasua narica","Mamíferos","2025-05-25",-85.560964,10.838805
933,"Ctenosaura similis","Reptiles","2025-05-25",-85.632995,11.000333
934,"Crotophaga sulcirostris","Aves","2025-05-26",-85.493075,10.68442
935,"Dasypus novemcinctus","Mamíferos","2025-05-26",-85.571413,10.864398
936,"Canis latrans","Mamíferos","2025-05-26",-85.622606,10.974856
937,"Incilius luetkenii","Anfibios","2025-05-27",-85.566657,10.845312
938,"Odocoileus virginianus","Mamíferos","2025-05-27",-85.57975,10.876187
939,"Odocoileus virginianus","Mamíferos","2025-05-27",-85.587156,10.878233
940,"Incilius luetkenii","Anfibios","2025-05-27",-85.602855,10.913777
941,"Odocoileus virginianus","Mamíferos","2025-05-28",-85.544605,10.819397
942,"Crotophaga sulcirostris","Aves","2025-05-28",-85.621312,10.971842
943,"Leptodactylus fragilis","Anfibios","2025-05-29",-85.490947,10.680592
944,"Leptodactylus fragilis","Anfibios","2025-05-29",-85.511011,10.731308
945,"Leptodactylus fragilis","Anfibios","2025-05-29",-85.512729,10.747921
946,"Columbina inca","Aves","2025-05-30",-85.513384,10.751673
947,"Canis latrans","Mamíferos","2025-05-30",-85.588689,10.878224
948,"Boa imperator","Reptiles","2025-05-30",-85.623903,10.979058
949,"Nasua narica","Mamíferos","2025-05-31",-85.525582,10.768217
950,"Incilius luetkenii","Anfibios","2025-05-31",-85.602738,10.909851
951,"Ctenosaura similis","Reptiles","2025-05-31",-85.611526,10.938425
952,"Tamandua mexicana","Mamíferos","2025-05-31",-85.627588,10.988761
953,"Incilius luetkenii","Anfibios","2025-06-01",-85.543222,10.803831
954,"Procyon lotor","Mamíferos","2025-06-01",-85.544216,10.805996
955,"Smilisca baudinii","Anfibios","2025-06-01",-85.575434,10.874856
956,"Ctenosaura similis","Reptiles","2025-06-01",-85.591927,10.879159
957,"Smilisca baudinii","Anfibios","2025-06-01",-85.613041,10.951239
958,"Rhinella horribilis","Anfibios","2025-06-02",-85.608361,10.926375
959,"Drymarchon melanurus","Reptiles","2025-06-02",-85.62399,10.978635
960,"Leptodactylus fragilis","Anfibios","2025-06-02",-85.630147,11.07961
961,"Rhinella horribilis","Anfibios","2025-06-03",-85.50831,10.715329
962,"Incilius luetkenii","Anfibios","2025-06-03",-85.567433,10.845987
963,"Crotalus simus","Reptiles","2025-06-03",-85.602818,10.914417
964,"Didelphis marsupialis","Mamíferos","2025-06-04",-85.575417,10.874539
965,"Leptodactylus fragilis","Anfibios","2025-06-04",-85.607799,10.92557
966,"Odocoileus virginianus","Mamíferos","2025-06-05",-85.60691,10.924595
967,"Leptodactylus fragilis","Anfibios","2025-06-06",-85.534224,10.78657
968,"Canis latrans","Mamíferos","2025-06-06",-85.544024,10.815466
969,"Boa imperator","Reptiles","2025-06-06",-85.574024,10.873785
970,"Rhinella horribilis","Anfibios","2025-06-06",-85.602733,10.914365
971,"Dasypus novemcinctus","Mamíferos","2025-06-07",-85.537339,10.792037
972,"Smilisca baudinii","Anfibios","2025-06-07",-85.603051,10.9143
973,"Rhinella horribilis","Anfibios","2025-06-08",-85.529877,10.777574
974,"Odocoileus virginianus","Mamíferos","2025-06-08",-85.572077,10.854657
975,"Leptodactylus fragilis","Anfibios","2025-06-08",-85.61371,10.952593
976,"Crotophaga sulcirostris","Aves","2025-06-08",-85.628019,10.989249
977,"Boa imperator","Reptiles","2025-06-09",-85.576956,10.875255
978,"Rhinella horribilis","Anfibios","2025-06-09",-85.603082,10.913556
979,"Incilius luetkenii","Anfibios","2025-06-09",-85.62784,11.03809
980,"Rhinella horribilis","Anfibios","2025-06-10",-85.510967,10.731302
981,"Ctenosaura similis","Reptiles","2025-06-10",-85.629403,11.071102
982,"Didelphis marsupialis","Mamíferos","2025-06-11",-85.558319,10.834838
983,"Crotophaga sulcirostris","Aves","2025-06-11",-85.592176,10.879547
984,"Didelphis marsupialis","Mamíferos","2025-06-11",-85.609673,10.931572
985,"Leptodactylus fragilis","Anfibios","2025-06-12",-85.494796,10.689257
986,"Nasua narica","Mamíferos","2025-06-12",-85.543879,10.816779
987,"Incilius luetkenii","Anfibios","2025-06-12",-85.572518,10.869105
988,"Leptodactylus fragilis","Anfibios","2025-06-12",-85.623733,10.979018
989,"Canis latrans","Mamíferos","2025-06-12",-85.627995,11.037455
990,"Calocitta formosa","Aves","2025-06-13",-85.500032,10.704797
991,"Nasua narica","Mamíferos","2025-06-13",-85.54416,10.815307
992,"Boa imperator","Reptiles","2025-06-13",-85.626854,10.988118
993,"Smilisca baudinii","Anfibios","2025-06-13",-85.62948,11.07071
994,"Leptodactylus fragilis","Anfibios","2025-06-14",-85.497259,10.696143
995,"Crotophaga sulcirostris","Aves","2025-06-14",-85.570521,10.861179
996,"Odocoileus virginianus","Mamíferos","2025-06-14",-85.611769,10.939089
997,"Odocoileus virginianus","Mamíferos","2025-06-14",-85.630733,11.079078
998,"Incilius luetkenii","Anfibios","2025-06-15",-85.511264,10.729213
999,"Iguana iguana","Reptiles","2025-06-15",-85.534845,10.787692
1000,"Crotalus simus","Reptiles","2025-06-15",-85.602735,10.906201
1001,"Leptodactylus fragilis","Anfibios","2025-06-15",-85.602751,10.911993
1002,"Boa imperator","Reptiles","2025-06-17",-85.537323,10.791874
1003,"Incilius luetkenii","Anfibios","2025-06-17",-85.602847,10.915473
1004,"Drymarchon melanurus","Reptiles","2025-06-18",-85.543328,10.804175
1005,"Smilisca baudinii","Anfibios","2025-06-19",-85.510929,10.729363
1006,"Columbina inca","Aves","2025-06-19",-85.552063,10.825978
1007,"Incilius luetkenii","Anfibios","2025-06-19",-85.628277,10.990236
1008,"Rhinella horribilis","Anfibios","2025-06-20",-85.602985,10.910128
1009,"Nasua narica","Mamíferos","2025-06-20",-85.60301,10.917184
1010,"Drymarchon melanurus","Reptiles","2025-06-20",-85.633487,11.010747
1011,"Leptodactylus fragilis","Anfibios","2025-06-21",-85.510905,10.730609
1012,"Crotalus simus","Reptiles","2025-06-21",-85.536259,10.790039
1013,"Dasypus novemcinctus","Mamíferos","2025-06-21",-85.557968,10.834261
1014,"Iguana iguana","Reptiles","2025-06-21",-85.627793,10.989117
1015,"Leptodactylus fragilis","Anfibios","2025-06-22",-85.628017,10.989441
1016,"Crotalus simus","Reptiles","2025-06-23",-85.504278,10.711293
1017,"Procyon lotor","Mamíferos","2025-06-23",-85.524029,10.76517
1018,"Iguana iguana","Reptiles","2025-06-23",-85.544926,10.820434
1019,"Iguana iguana","Reptiles","2025-06-23",-85.595986,10.88041
1020,"Incilius luetkenii","Anfibios","2025-06-23",-85.620309,10.966208
1021,"Leptodactylus fragilis","Anfibios","2025-06-23",-85.626927,10.988224
1022,"Incilius luetkenii","Anfibios","2025-06-24",-85.544846,10.815981
1023,"Odocoileus virginianus","Mamíferos","2025-06-26",-85.58739,10.878238
1024,"Nyctidromus albicollis","Aves","2025-06-27",-85.602694,10.902855
1025,"Smilisca baudinii","Anfibios","2025-06-28",-85.511027,10.732198
1026,"Incilius luetkenii","Anfibios","2025-06-28",-85.534061,10.786385
1027,"Leptodactylus fragilis","Anfibios","2025-06-28",-85.633976,11.003334
1028,"Leptodactylus fragilis","Anfibios","2025-06-29",-85.511348,10.731535
1029,"Canis latrans","Mamíferos","2025-06-29",-85.602966,10.909358
1030,"Procyon lotor","Mamíferos","2025-06-30",-85.512554,10.750176
1031,"Didelphis marsupialis","Mamíferos","2025-06-30",-85.533329,10.784237
1032,"Leptodactylus fragilis","Anfibios","2025-07-01",-85.605428,10.921872
1033,"Drymarchon melanurus","Reptiles","2025-07-01",-85.605519,10.922023
1034,"Crotalus simus","Reptiles","2025-07-02",-85.49671,10.695828
1035,"Nyctidromus albicollis","Aves","2025-07-02",-85.60103,10.912259
1036,"Boa imperator","Reptiles","2025-07-02",-85.627986,10.989335
1037,"Columbina inca","Aves","2025-07-03",-85.588248,10.87843
1038,"Calocitta formosa","Aves","2025-07-03",-85.597583,10.880891
1039,"Nyctidromus albicollis","Aves","2025-07-04",-85.638511,11.016406
1040,"Didelphis marsupialis","Mamíferos","2025-07-05",-85.507525,10.714575
1041,"Dasypus novemcinctus","Mamíferos","2025-07-05",-85.57308,10.85128
1042,"Didelphis marsupialis","Mamíferos","2025-07-05",-85.638305,11.018271
1043,"Boa imperator","Reptiles","2025-07-06",-85.628132,11.037472
1044,"Crotalus simus","Reptiles","2025-07-07",-85.543877,10.8175
1045,"Smilisca baudinii","Anfibios","2025-07-07",-85.612426,10.941668
1046,"Crotalus simus","Reptiles","2025-07-07",-85.628162,11.037025
1047,"Ctenosaura similis","Reptiles","2025-07-11",-85.602912,10.914149
1048,"Calocitta formosa","Aves","2025-07-11",-85.628401,11.036919
1049,"Canis latrans","Mamíferos","2025-07-12",-85.619168,10.961017
1050,"Ctenosaura similis","Reptiles","2025-07-13",-85.511999,10.740412
1051,"Rhinella horribilis","Anfibios","2025-07-13",-85.544038,10.817236
1052,"Tamandua mexicana","Mamíferos","2025-07-13",-85.591587,10.879325
1053,"Boa imperator","Reptiles","2025-07-13",-85.629959,11.074693
1054,"Procyon lotor","Mamíferos","2025-07-14",-85.58906,10.878402
1055,"Rhinella horribilis","Anfibios","2025-07-14",-85.602859,10.912937
1056,"Smilisca baudinii","Anfibios","2025-07-15",-85.602739,10.914946
1057,"Nasua narica","Mamíferos","2025-07-16",-85.494135,10.686822
1058,"Odocoileus virginianus","Mamíferos","2025-07-16",-85.559249,10.836276
1059,"Procyon lotor","Mamíferos","2025-07-17",-85.544727,10.808503
1060,"Boa imperator","Reptiles","2025-07-18",-85.612071,10.946408
1061,"Crotophaga sulcirostris","Aves","2025-07-19",-85.624023,10.980994
1062,"Calocitta formosa","Aves","2025-07-19",-85.627535,11.037891
1063,"Calocitta formosa","Aves","2025-07-20",-85.509549,10.717613
1064,"Nyctidromus albicollis","Aves","2025-07-20",-85.512375,10.748322
1065,"Nasua narica","Mamíferos","2025-07-20",-85.627499,10.988879
1066,"Tamandua mexicana","Mamíferos","2025-07-21",-85.505218,10.7122
1067,"Crotalus simus","Reptiles","2025-07-21",-85.628291,10.990459
1068,"Dasypus novemcinctus","Mamíferos","2025-07-22",-85.513753,10.752265
1069,"Drymarchon melanurus","Reptiles","2025-07-22",-85.602795,10.890661
1070,"Nasua narica","Mamíferos","2025-07-22",-85.623702,10.982212
1071,"Iguana iguana","Reptiles","2025-07-22",-85.634076,11.007956
1072,"Nasua narica","Mamíferos","2025-07-23",-85.529697,10.777506
1073,"Leptodactylus fragilis","Anfibios","2025-07-23",-85.58839,10.878628
1074,"Odocoileus virginianus","Mamíferos","2025-07-23",-85.604101,10.90122
1075,"Rhinella horribilis","Anfibios","2025-07-23",-85.602817,10.914919
1076,"Crotalus simus","Reptiles","2025-07-23",-85.627252,10.988723
1077,"Nasua narica","Mamíferos","2025-07-24",-85.511499,10.735517
1078,"Ctenosaura similis","Reptiles","2025-07-24",-85.561018,10.838319
1079,"Drymarchon melanurus","Reptiles","2025-07-24",-85.581168,10.87614
1080,"Drymarchon melanurus","Reptiles","2025-07-25",-85.625073,11.058548
1081,"Crotophaga sulcirostris","Aves","2025-07-26",-85.544077,10.815177
1082,"Procyon lotor","Mamíferos","2025-07-26",-85.590869,10.878988
1083,"Calocitta formosa","Aves","2025-07-30",-85.618945,10.961942
1084,"Canis latrans","Mamíferos","2025-07-31",-85.511229,10.732154
1085,"Tamandua mexicana","Mamíferos","2025-08-01",-85.496717,10.69483
1086,"Tamandua mexicana","Mamíferos","2025-08-01",-85.603055,10.912819
1087,"Crotalus simus","Reptiles","2025-08-02",-85.512153,10.739903
1088,"Columbina inca","Aves","2025-08-02",-85.518145,10.756255
1089,"Didelphis marsupialis","Mamíferos","2025-08-03",-85.505906,10.712719
1090,"Incilius luetkenii","Anfibios","2025-08-03",-85.511134,10.730949
1091,"Nasua narica","Mamíferos","2025-08-04",-85.541751,10.800862
1092,"Procyon lotor","Mamíferos","2025-08-04",-85.634112,11.003531
1093,"Rhinella horribilis","Anfibios","2025-08-05",-85.499062,10.703036
1094,"Ctenosaura similis","Reptiles","2025-08-05",-85.626964,11.043092
1095,"Procyon lotor","Mamíferos","2025-08-06",-85.529626,10.77666
1096,"Calocitta formosa","Aves","2025-08-07",-85.535588,10.78845
1097,"Iguana iguana","Reptiles","2025-08-07",-85.626646,11.053846
1098,"Dasypus novemcinctus","Mamíferos","2025-08-07",-85.630555,11.077162
1099,"Drymarchon melanurus","Reptiles","2025-08-08",-85.511655,10.733463
1100,"Dasypus novemcinctus","Mamíferos","2025-08-08",-85.532291,10.781874
1101,"Incilius luetkenii","Anfibios","2025-08-08",-85.57396,10.872712
1102,"Dasypus novemcinctus","Mamíferos","2025-08-08",-85.631031,11.078293
1103,"Dasypus novemcinctus","Mamíferos","2025-08-09",-85.499311,10.702433
1104,"Drymarchon melanurus","Reptiles","2025-08-09",-85.602703,10.91391
1105,"Iguana iguana","Reptiles","2025-08-10",-85.550524,10.824781
1106,"Calocitta formosa","Aves","2025-08-10",-85.571005,10.861451
1107,"Incilius luetkenii","Anfibios","2025-08-10",-85.573595,10.872727
1108,"Dasypus novemcinctus","Mamíferos","2025-08-10",-85.627238,10.988526
1109,"Nyctidromus albicollis","Aves","2025-08-11",-85.529573,10.7767
1110,"Canis latrans","Mamíferos","2025-08-12",-85.527478,10.772511
1111,"Ctenosaura similis","Reptiles","2025-08-12",-85.628797,11.067461
1112,"Nasua narica","Mamíferos","2025-08-14",-85.593223,10.879473
1113,"Canis latrans","Mamíferos","2025-08-14",-85.624935,10.98634
1114,"Ctenosaura similis","Reptiles","2025-08-15",-85.61342,10.951827
1115,"Rhinella horribilis","Anfibios","2025-08-15",-85.630775,11.077801
1116,"Dasypus novemcinctus","Mamíferos","2025-08-16",-85.633077,11.000363
1117,"Didelphis marsupialis","Mamíferos","2025-08-17",-85.498305,10.700575
1118,"Rhinella horribilis","Anfibios","2025-08-17",-85.498574,10.700684
1119,"Boa imperator","Reptiles","2025-08-17",-85.513424,10.75149
1120,"Crotalus simus","Reptiles","2025-08-17",-85.525045,10.768146
1121,"Nyctidromus albicollis","Aves","2025-08-18",-85.628757,10.990929
1122,"Rhinella horribilis","Anfibios","2025-08-19",-85.627275,10.988467
1123,"Crotophaga sulcirostris","Aves","2025-08-21",-85.62779,11.038263
1124,"Nasua narica","Mamíferos","2025-08-22",-85.636275,11.026023
1125,"Ctenosaura similis","Reptiles","2025-08-23",-85.497775,10.697956
1126,"Iguana iguana","Reptiles","2025-08-23",-85.510316,10.720107
1127,"Calocitta formosa","Aves","2025-08-23",-85.510891,10.729557
1128,"Drymarchon melanurus","Reptiles","2025-08-23",-85.568208,10.846934
1129,"Ctenosaura similis","Reptiles","2025-08-24",-85.618216,10.958963
1130,"Rhinella horribilis","Anfibios","2025-08-25",-85.511715,10.735276
1131,"Didelphis marsupialis","Mamíferos","2025-08-25",-85.600863,10.890049
1132,"Ctenosaura similis","Reptiles","2025-08-27",-85.512295,10.747377
1133,"Columbina inca","Aves","2025-08-29",-85.511914,10.742186
1134,"Ctenosaura similis","Reptiles","2025-08-29",-85.603856,10.918356
1135,"Nasua narica","Mamíferos","2025-08-30",-85.511511,10.737931
1136,"Canis latrans","Mamíferos","2025-08-30",-85.543745,10.815975
1137,"Canis latrans","Mamíferos","2025-08-30",-85.635248,11.028002
1138,"Ctenosaura similis","Reptiles","2025-08-31",-85.511313,10.73559
1139,"Drymarchon melanurus","Reptiles","2025-08-31",-85.628104,11.036427
1140,"Incilius luetkenii","Anfibios","2025-09-01",-85.602693,10.913299
1141,"Boa imperator","Reptiles","2025-09-01",-85.603033,10.914027
1142,"Rhinella horribilis","Anfibios","2025-09-01",-85.602876,10.914895
1143,"Crotalus simus","Reptiles","2025-09-02",-85.572731,10.869639
1144,"Leptodactylus fragilis","Anfibios","2025-09-03",-85.494411,10.688408
1145,"Didelphis marsupialis","Mamíferos","2025-09-03",-85.60275,10.89008
1146,"Leptodactylus fragilis","Anfibios","2025-09-03",-85.602635,10.905726
1147,"Rhinella horribilis","Anfibios","2025-09-04",-85.511089,10.731555
1148,"Leptodactylus fragilis","Anfibios","2025-09-04",-85.510988,10.731636
1149,"Ctenosaura similis","Reptiles","2025-09-04",-85.563265,10.841742
1150,"Columbina inca","Aves","2025-09-05",-85.509174,10.716847
1151,"Crotophaga sulcirostris","Aves","2025-09-05",-85.55967,10.836565
1152,"Nasua narica","Mamíferos","2025-09-05",-85.569074,10.848241
1153,"Nasua narica","Mamíferos","2025-09-06",-85.541544,10.801199
1154,"Nasua narica","Mamíferos","2025-09-06",-85.548771,10.823241
1155,"Boa imperator","Reptiles","2025-09-06",-85.611254,10.937851
1156,"Drymarchon melanurus","Reptiles","2025-09-07",-85.51023,10.720864
1157,"Nyctidromus albicollis","Aves","2025-09-07",-85.512656,10.750524
1158,"Canis latrans","Mamíferos","2025-09-08",-85.537048,10.791349
1159,"Iguana iguana","Reptiles","2025-09-08",-85.628682,11.036116
1160,"Incilius luetkenii","Anfibios","2025-09-09",-85.571267,10.864058
1161,"Didelphis marsupialis","Mamíferos","2025-09-10",-85.495992,10.692357
1162,"Drymarchon melanurus","Reptiles","2025-09-10",-85.511069,10.73061
1163,"Ctenosaura similis","Reptiles","2025-09-10",-85.588246,10.878029
1164,"Rhinella horribilis","Anfibios","2025-09-10",-85.602539,10.901134
1165,"Incilius luetkenii","Anfibios","2025-09-10",-85.629759,11.073281
1166,"Smilisca baudinii","Anfibios","2025-09-11",-85.619248,10.966677
1167,"Incilius luetkenii","Anfibios","2025-09-11",-85.625858,11.050244
1168,"Calocitta formosa","Aves","2025-09-12",-85.549904,10.82431
1169,"Calocitta formosa","Aves","2025-09-12",-85.623609,10.982861
1170,"Nyctidromus albicollis","Aves","2025-09-14",-85.525308,10.768369
1171,"Boa imperator","Reptiles","2025-09-14",-85.55885,10.835021
1172,"Incilius luetkenii","Anfibios","2025-09-14",-85.603235,10.915968
1173,"Nasua narica","Mamíferos","2025-09-15",-85.623832,10.978444
1174,"Calocitta formosa","Aves","2025-09-16",-85.496029,10.693057
1175,"Drymarchon melanurus","Reptiles","2025-09-16",-85.591031,10.878951
1176,"Odocoileus virginianus","Mamíferos","2025-09-16",-85.629155,11.035649
1177,"Procyon lotor","Mamíferos","2025-09-16",-85.629158,11.067871
1178,"Incilius luetkenii","Anfibios","2025-09-17",-85.541693,10.801348
1179,"Crotophaga sulcirostris","Aves","2025-09-18",-85.511663,10.736088
1180,"Tamandua mexicana","Mamíferos","2025-09-18",-85.523851,10.765159
1181,"Ctenosaura similis","Reptiles","2025-09-19",-85.628697,11.035612
1182,"Rhinella horribilis","Anfibios","2025-09-20",-85.602709,10.914064
1183,"Didelphis marsupialis","Mamíferos","2025-09-20",-85.638531,11.016689
1184,"Nyctidromus albicollis","Aves","2025-09-20",-85.627884,11.037895
1185,"Smilisca baudinii","Anfibios","2025-09-21",-85.607851,10.925695
1186,"Procyon lotor","Mamíferos","2025-09-21",-85.612435,10.946681
1187,"Iguana iguana","Reptiles","2025-09-21",-85.619097,10.961745
1188,"Ctenosaura similis","Reptiles","2025-09-21",-85.628161,11.036623
1189,"Boa imperator","Reptiles","2025-09-22",-85.524248,10.765868
1190,"Rhinella horribilis","Anfibios","2025-09-22",-85.602602,10.90587
1191,"Nasua narica","Mamíferos","2025-09-22",-85.616938,10.95731
1192,"Incilius luetkenii","Anfibios","2025-09-23",-85.493442,10.685948
1193,"Procyon lotor","Mamíferos","2025-09-23",-85.511544,10.733059
1194,"Ctenosaura similis","Reptiles","2025-09-24",-85.626898,10.98879
1195,"Tamandua mexicana","Mamíferos","2025-09-24",-85.62754,10.9893
1196,"Procyon lotor","Mamíferos","2025-09-25",-85.510912,10.730103
1197,"Procyon lotor","Mamíferos","2025-09-25",-85.627081,11.041945
1198,"Crotophaga sulcirostris","Aves","2025-09-25",-85.626595,11.054045
1199,"Smilisca baudinii","Anfibios","2025-09-26",-85.520839,10.759468
1200,"Smilisca baudinii","Anfibios","2025-09-26",-85.635973,11.027
1201,"Nyctidromus albicollis","Aves","2025-09-26",-85.629906,11.072345
1202,"Nasua narica","Mamíferos","2025-09-27",-85.535151,10.787875
1203,"Nasua narica","Mamíferos","2025-09-27",-85.602685,10.906628
1204,"Calocitta formosa","Aves","2025-09-28",-85.510917,10.730826
1205,"Procyon lotor","Mamíferos","2025-09-28",-85.617335,10.95781
1206,"Ctenosaura similis","Reptiles","2025-09-29",-85.552778,10.827154
1207,"Nyctidromus albicollis","Aves","2025-09-30",-85.512577,10.745354
1208,"Crotophaga sulcirostris","Aves","2025-10-01",-85.494694,10.689493
1209,"Canis latrans","Mamíferos","2025-10-01",-85.571017,10.85718
1210,"Crotalus simus","Reptiles","2025-10-01",-85.628381,11.036153
1211,"Leptodactylus fragilis","Anfibios","2025-10-02",-85.511332,10.730308
1212,"Boa imperator","Reptiles","2025-10-02",-85.627505,11.037719
1213,"Ctenosaura similis","Reptiles","2025-10-03",-85.51074,10.72412
1214,"Dasypus novemcinctus","Mamíferos","2025-10-03",-85.628063,11.036873
1215,"Ctenosaura similis","Reptiles","2025-10-04",-85.512275,10.730341
1216,"Odocoileus virginianus","Mamíferos","2025-10-04",-85.568964,10.847822
1217,"Dasypus novemcinctus","Mamíferos","2025-10-05",-85.602847,10.902238
1218,"Crotalus simus","Reptiles","2025-10-05",-85.613873,10.952945
1219,"Dasypus novemcinctus","Mamíferos","2025-10-06",-85.511089,10.727208
1220,"Nyctidromus albicollis","Aves","2025-10-06",-85.632436,11.031166
1221,"Tamandua mexicana","Mamíferos","2025-10-07",-85.544261,10.814816
1222,"Drymarchon melanurus","Reptiles","2025-10-07",-85.603224,10.914082
1223,"Leptodactylus fragilis","Anfibios","2025-10-07",-85.634197,11.005772
1224,"Ctenosaura similis","Reptiles","2025-10-08",-85.560892,10.838815
1225,"Dasypus novemcinctus","Mamíferos","2025-10-08",-85.628989,11.070892
1226,"Odocoileus virginianus","Mamíferos","2025-10-09",-85.61282,10.950697
1227,"Calocitta formosa","Aves","2025-10-09",-85.627073,11.042059
1228,"Dasypus novemcinctus","Mamíferos","2025-10-10",-85.588166,10.878145
1229,"Boa imperator","Reptiles","2025-10-10",-85.617733,10.957782
1230,"Drymarchon melanurus","Reptiles","2025-10-11",-85.602752,10.913029
1231,"Dasypus novemcinctus","Mamíferos","2025-10-12",-85.511087,10.727293
1232,"Nyctidromus albicollis","Aves","2025-10-12",-85.602594,10.901542
1233,"Leptodactylus fragilis","Anfibios","2025-10-12",-85.627299,10.988958
1234,"Incilius luetkenii","Anfibios","2025-10-13",-85.602864,10.914576
1235,"Drymarchon melanurus","Reptiles","2025-10-14",-85.590053,10.878912
1236,"Procyon lotor","Mamíferos","2025-10-16",-85.5879,10.878106
1237,"Canis latrans","Mamíferos","2025-10-16",-85.58997,10.878634
1238,"Canis latrans","Mamíferos","2025-10-18",-85.628426,10.991779
1239,"Didelphis marsupialis","Mamíferos","2025-10-19",-85.589035,10.878297
1240,"Iguana iguana","Reptiles","2025-10-19",-85.602431,10.889759
1241,"Boa imperator","Reptiles","2025-10-19",-85.627532,10.988895
1242,"Columbina inca","Aves","2025-10-20",-85.63377,11.005705
1243,"Iguana iguana","Reptiles","2025-10-21",-85.621563,10.971162
1244,"Didelphis marsupialis","Mamíferos","2025-10-22",-85.571999,10.866531
1245,"Iguana iguana","Reptiles","2025-10-22",-85.606852,10.923854
1246,"Odocoileus virginianus","Mamíferos","2025-10-22",-85.608094,10.926051
1247,"Crotophaga sulcirostris","Aves","2025-10-22",-85.628737,11.035661
1248,"Calocitta formosa","Aves","2025-10-24",-85.511354,10.731066
1249,"Nyctidromus albicollis","Aves","2025-10-24",-85.58506,10.877488
1250,"Procyon lotor","Mamíferos","2025-10-24",-85.626283,10.988107
1251,"Columbina inca","Aves","2025-10-24",-85.626133,11.04799
1252,"Ctenosaura similis","Reptiles","2025-10-25",-85.521005,10.759923
1253,"Crotalus simus","Reptiles","2025-10-26",-85.497405,10.697479
1254,"Boa imperator","Reptiles","2025-10-26",-85.508253,10.715351
1255,"Tamandua mexicana","Mamíferos","2025-10-26",-85.590646,10.87912
1256,"Smilisca baudinii","Anfibios","2025-10-27",-85.594707,10.879926
1257,"Odocoileus virginianus","Mamíferos","2025-10-27",-85.623953,10.980165
1258,"Boa imperator","Reptiles","2025-10-29",-85.530857,10.779066
1259,"Didelphis marsupialis","Mamíferos","2025-10-29",-85.626225,11.050276
1260,"Nasua narica","Mamíferos","2025-10-29",-85.628846,11.063634
1261,"Tamandua mexicana","Mamíferos","2025-10-30",-85.544099,10.814072
1262,"Drymarchon melanurus","Reptiles","2025-10-31",-85.58725,10.877864
1263,"Incilius luetkenii","Anfibios","2025-10-31",-85.60169,10.884867
1264,"Incilius luetkenii","Anfibios","2025-11-01",-85.603106,10.911558
1265,"Incilius luetkenii","Anfibios","2025-11-03",-85.542062,10.80213
1266,"Nyctidromus albicollis","Aves","2025-11-04",-85.50379,10.710806
1267,"Crotophaga sulcirostris","Aves","2025-11-04",-85.627072,11.05692
1268,"Tamandua mexicana","Mamíferos","2025-11-05",-85.491542,10.682348
1269,"Iguana iguana","Reptiles","2025-11-05",-85.61195,10.941323
1270,"Smilisca baudinii","Anfibios","2025-11-06",-85.511277,10.730877
1271,"Procyon lotor","Mamíferos","2025-11-06",-85.587903,10.878304
1272,"Calocitta formosa","Aves","2025-11-06",-85.603011,10.914521
1273,"Procyon lotor","Mamíferos","2025-11-06",-85.638372,11.019088
1274,"Nasua narica","Mamíferos","2025-11-06",-85.626146,11.047708
1275,"Ctenosaura similis","Reptiles","2025-11-08",-85.539764,10.797144
1276,"Boa imperator","Reptiles","2025-11-08",-85.602825,10.900993
1277,"Ctenosaura similis","Reptiles","2025-11-08",-85.622809,10.975555
1278,"Nyctidromus albicollis","Aves","2025-11-10",-85.512824,10.749953
1279,"Incilius luetkenii","Anfibios","2025-11-10",-85.543701,10.815585
1280,"Boa imperator","Reptiles","2025-11-11",-85.521427,10.76052
1281,"Smilisca baudinii","Anfibios","2025-11-11",-85.602843,10.914365
1282,"Nasua narica","Mamíferos","2025-11-11",-85.606187,10.922544
1283,"Tamandua mexicana","Mamíferos","2025-11-11",-85.626551,11.044147
1284,"Canis latrans","Mamíferos","2025-11-12",-85.580577,10.875897
1285,"Incilius luetkenii","Anfibios","2025-11-12",-85.602722,10.911817
1286,"Odocoileus virginianus","Mamíferos","2025-11-12",-85.609003,10.927938
1287,"Nyctidromus albicollis","Aves","2025-11-13",-85.51077,10.724328
1288,"Boa imperator","Reptiles","2025-11-13",-85.511739,10.736927
1289,"Boa imperator","Reptiles","2025-11-13",-85.544687,10.811449
1290,"Canis latrans","Mamíferos","2025-11-13",-85.543624,10.816879
1291,"Incilius luetkenii","Anfibios","2025-11-13",-85.602897,10.915793
1292,"Ctenosaura similis","Reptiles","2025-11-13",-85.629171,10.994658
1293,"Iguana iguana","Reptiles","2025-11-15",-85.501608,10.708209
1294,"Drymarchon melanurus","Reptiles","2025-11-15",-85.628611,10.990126
1295,"Boa imperator","Reptiles","2025-11-16",-85.544484,10.809707
1296,"Nyctidromus albicollis","Aves","2025-11-16",-85.588841,10.878596
1297,"Tamandua mexicana","Mamíferos","2025-11-16",-85.628392,10.992583
1298,"Rhinella horribilis","Anfibios","2025-11-17",-85.521592,10.760266
1299,"Smilisca baudinii","Anfibios","2025-11-17",-85.530103,10.777288
1300,"Nasua narica","Mamíferos","2025-11-17",-85.589273,10.878685
1301,"Iguana iguana","Reptiles","2025-11-17",-85.61244,10.94417
1302,"Procyon lotor","Mamíferos","2025-11-17",-85.623567,10.984133
1303,"Canis latrans","Mamíferos","2025-11-17",-85.63574,11.013104
1304,"Nasua narica","Mamíferos","2025-11-18",-85.510177,10.720759
1305,"Columbina inca","Aves","2025-11-20",-85.507799,10.71534
1306,"Nasua narica","Mamíferos","2025-11-20",-85.543903,10.815019
1307,"Odocoileus virginianus","Mamíferos","2025-11-20",-85.628169,10.990335
1308,"Nasua narica","Mamíferos","2025-11-20",-85.627153,11.05669
1309,"Tamandua mexicana","Mamíferos","2025-11-23",-85.589953,10.878933
1310,"Nasua narica","Mamíferos","2025-11-23",-85.612351,10.949113
1311,"Leptodactylus fragilis","Anfibios","2025-11-24",-85.510865,10.730331
1312,"Iguana iguana","Reptiles","2025-11-24",-85.627731,11.038263
1313,"Iguana iguana","Reptiles","2025-11-25",-85.532181,10.78167
1314,"Ctenosaura similis","Reptiles","2025-11-25",-85.619647,10.962918
1315,"Tamandua mexicana","Mamíferos","2025-11-26",-85.58931,10.878768
1316,"Calocitta formosa","Aves","2025-11-26",-85.603187,10.91332
1317,"Nyctidromus albicollis","Aves","2025-11-27",-85.515587,10.753559
1318,"Canis latrans","Mamíferos","2025-11-28",-85.527754,10.772966
1319,"Crotalus simus","Reptiles","2025-11-28",-85.581523,10.876605
1320,"Procyon lotor","Mamíferos","2025-11-29",-85.510867,10.726652
1321,"Drymarchon melanurus","Reptiles","2025-11-29",-85.535779,10.788795
1322,"Ctenosaura similis","Reptiles","2025-11-29",-85.619643,10.962973
1323,"Incilius luetkenii","Anfibios","2025-11-29",-85.629532,11.072563
1324,"Dasypus novemcinctus","Mamíferos","2025-12-01",-85.543626,10.817445
1325,"Iguana iguana","Reptiles","2025-12-02",-85.507828,10.714757
1326,"Nyctidromus albicollis","Aves","2025-12-02",-85.523562,10.76511
1327,"Dasypus novemcinctus","Mamíferos","2025-12-02",-85.602684,10.898926
1328,"Boa imperator","Reptiles","2025-12-02",-85.628633,11.035805
1329,"Canis latrans","Mamíferos","2025-12-03",-85.603219,10.914539
1330,"Ctenosaura similis","Reptiles","2025-12-04",-85.510926,10.728703
1331,"Odocoileus virginianus","Mamíferos","2025-12-04",-85.602977,10.909966
1332,"Didelphis marsupialis","Mamíferos","2025-12-04",-85.634454,11.013083
1333,"Procyon lotor","Mamíferos","2025-12-06",-85.605706,10.922315
1334,"Drymarchon melanurus","Reptiles","2025-12-07",-85.582106,10.876423
1335,"Iguana iguana","Reptiles","2025-12-07",-85.618415,10.959969
1336,"Iguana iguana","Reptiles","2025-12-08",-85.571778,10.854129
1337,"Nyctidromus albicollis","Aves","2025-12-08",-85.590229,10.878812
1338,"Odocoileus virginianus","Mamíferos","2025-12-08",-85.60987,10.935122
1339,"Canis latrans","Mamíferos","2025-12-08",-85.628545,10.991357
1340,"Iguana iguana","Reptiles","2025-12-08",-85.626378,11.049059
1341,"Drymarchon melanurus","Reptiles","2025-12-09",-85.511133,10.731929
1342,"Didelphis marsupialis","Mamíferos","2025-12-09",-85.608918,10.927963
1343,"Nasua narica","Mamíferos","2025-12-10",-85.542523,10.803144
1344,"Nyctidromus albicollis","Aves","2025-12-10",-85.562348,10.840581
1345,"Calocitta formosa","Aves","2025-12-10",-85.603147,10.913509
1346,"Crotophaga sulcirostris","Aves","2025-12-10",-85.612722,10.950352
1347,"Ctenosaura similis","Reptiles","2025-12-11",-85.543899,10.815392
1348,"Procyon lotor","Mamíferos","2025-12-12",-85.631334,11.03233
1349,"Iguana iguana","Reptiles","2025-12-12",-85.627425,11.058857
1350,"Columbina inca","Aves","2025-12-13",-85.623315,10.983839
1351,"Ctenosaura similis","Reptiles","2025-12-14",-85.530479,10.778044
1352,"Drymarchon melanurus","Reptiles","2025-12-14",-85.544175,10.80648
1353,"Didelphis marsupialis","Mamíferos","2025-12-14",-85.54431,10.814871
1354,"Nyctidromus albicollis","Aves","2025-12-15",-85.54429,10.812204
1355,"Tamandua mexicana","Mamíferos","2025-12-16",-85.544169,10.812094
1356,"Didelphis marsupialis","Mamíferos","2025-12-17",-85.579068,10.875842
1357,"Odocoileus virginianus","Mamíferos","2025-12-19",-85.572617,10.852559
1358,"Crotalus simus","Reptiles","2025-12-19",-85.60263,10.901627
1359,"Crotalus simus","Reptiles","2025-12-19",-85.61033,10.93536
1360,"Dasypus novemcinctus","Mamíferos","2025-12-19",-85.627047,10.988401
1361,"Columbina inca","Aves","2025-12-19",-85.628391,10.989648
1362,"Dasypus novemcinctus","Mamíferos","2025-12-22",-85.564047,10.841949
1363,"Dasypus novemcinctus","Mamíferos","2025-12-22",-85.614821,10.953823
1364,"Crotalus simus","Reptiles","2025-12-23",-85.49951,10.70328
1365,"Nasua narica","Mamíferos","2025-12-25",-85.544168,10.815067
1366,"Nasua narica","Mamíferos","2025-12-25",-85.585776,10.87773
1367,"Tamandua mexicana","Mamíferos","2025-12-25",-85.587604,10.878258
1368,"Didelphis marsupialis","Mamíferos","2025-12-25",-85.630956,11.07706
1369,"Odocoileus virginianus","Mamíferos","2025-12-26",-85.588485,10.878171
1370,"Crotalus simus","Reptiles","2025-12-27",-85.566886,10.84601
1371,"Boa imperator","Reptiles","2025-12-28",-85.570609,10.857903
1372,"Canis latrans","Mamíferos","2025-12-28",-85.589259,10.878457
1373,"Canis latrans","Mamíferos","2025-12-28",-85.628202,10.989402
1374,"Tamandua mexicana","Mamíferos","2025-12-29",-85.543669,10.816148
1375,"Canis latrans","Mamíferos","2025-12-30",-85.511011,10.728385
1376,"Crotalus simus","Reptiles","2025-12-30",-85.532781,10.783661
1377,"Tamandua mexicana","Mamíferos","2025-12-30",-85.572531,10.852123
1378,"Crotalus simus","Reptiles","2025-12-30",-85.638028,11.018697
1379,"Nyctidromus albicollis","Aves","2025-12-31",-85.63747,11.022858
1380,"Canis latrans","Mamíferos","2025-12-31",-85.627966,11.036965
