"id","tipo","diametro_m","x","y"
"E01","Alcantarilla",1.1,-85.544083,10.81871
"E02","Alcantarilla",1.3,-85.562278,10.840197
"E03","Alcantarilla",1,-85.56256,10.840545
"E04","Alcantarilla",1.3,-85.562746,10.840611
"E05","Alcantarilla",1.1,-85.56474,10.843175
"E06","Alcantarilla",1.6,-85.564744,10.843207
"E07","Alcantarilla",1.7,-85.572494,10.852382
"E08","Alcantarilla",1.4,-85.583509,10.876856
"E09","Alcantarilla",1.4,-85.596821,10.880826
"E10","Puente",,-85.601158,10.883575
"E11","Alcantarilla",1.3,-85.602626,10.887731
"E12","Alcantarilla",1.4,-85.602927,10.91523
"E13","Alcantarilla",1.4,-85.608499,10.927379
"E14","Alcantarilla",1.7,-85.611385,10.938588
"E15","Alcantarilla",1.3,-85.610431,10.940003
"E16","Puente",,-85.612404,10.947902
"E17","Alcantarilla",1,-85.612998,10.95035
